validityDate_city,predictedMaxTemp
01-01-18_Afula,17.04847206524922
01-01-18_Ashdod,17.728849859784404
01-01-18_Beer Sheva,15.598967278306562
01-01-18_Bet Shean,17.793032149560055
01-01-18_Elat,20.255241684939726
01-01-18_En Gedi,20.041386882215544
01-01-18_Haifa,15.376946980159696
01-01-18_Jerusalem,10.586328262592314
01-01-18_Lod,15.907535393711873
01-01-18_Mizpe Ramon,12.48636843635237
01-01-18_Nazareth,13.267123370832383
01-01-18_Qazrin,13.133125591686838
01-01-18_Tel Aviv,15.539431010687018
01-01-18_Tiberias,15.618500304776234
01-01-18_Zefat,9.402755993071317
02-01-18_Afula,16.584474451493058
02-01-18_Ashdod,18.61114647263984
02-01-18_Beer Sheva,16.306531657340265
02-01-18_Bet Shean,16.835314124824844
02-01-18_Elat,19.478847650795537
02-01-18_En Gedi,20.144564811605626
02-01-18_Haifa,16.860544643051316
02-01-18_Jerusalem,10.103658324990533
02-01-18_Lod,15.118964307210149
02-01-18_Mizpe Ramon,12.290921097031326
02-01-18_Nazareth,14.20044631992657
02-01-18_Qazrin,12.159545870898008
02-01-18_Tel Aviv,16.002091941446096
02-01-18_Tiberias,15.3667175349082
02-01-18_Zefat,10.822696364852337
03-01-18_Afula,19.33860545162665
03-01-18_Ashdod,18.722690725670773
03-01-18_Beer Sheva,16.98899938899013
03-01-18_Bet Shean,20.52031638082001
03-01-18_Elat,21.2204802911641
03-01-18_En Gedi,20.373673985071157
03-01-18_Haifa,17.721490349984126
03-01-18_Jerusalem,13.514378746461198
03-01-18_Lod,17.699224280449428
03-01-18_Mizpe Ramon,14.85613985207388
03-01-18_Nazareth,16.32074655975854
03-01-18_Qazrin,16.74862364127963
03-01-18_Tel Aviv,17.89480556178272
03-01-18_Tiberias,18.86090131616436
03-01-18_Zefat,12.740622850296884
04-01-18_Afula,18.25661757445433
04-01-18_Ashdod,18.17934463205384
04-01-18_Beer Sheva,16.978988481635277
04-01-18_Bet Shean,19.7601262101
04-01-18_Elat,20.589290282878032
04-01-18_En Gedi,21.730050324915688
04-01-18_Haifa,15.782358930485028
04-01-18_Jerusalem,13.18968034919618
04-01-18_Lod,16.844161722398837
04-01-18_Mizpe Ramon,13.98156592209336
04-01-18_Nazareth,13.987656629195747
04-01-18_Qazrin,14.243097335105713
04-01-18_Tel Aviv,16.862552240048135
04-01-18_Tiberias,17.048257755745162
04-01-18_Zefat,10.657388985156064
05-01-18_Afula,16.4578593390854
05-01-18_Ashdod,18.558940191373054
05-01-18_Beer Sheva,16.072666132479952
05-01-18_Bet Shean,16.990741332487328
05-01-18_Elat,20.8715529143536
05-01-18_En Gedi,21.685890477818994
05-01-18_Haifa,14.45060138980786
05-01-18_Jerusalem,9.857039182638424
05-01-18_Lod,15.125534155476346
05-01-18_Mizpe Ramon,12.65954272093261
05-01-18_Nazareth,11.847640060842016
05-01-18_Qazrin,12.325082305900807
05-01-18_Tel Aviv,15.713122131514671
05-01-18_Tiberias,15.758479379297954
05-01-18_Zefat,8.008273287069422
06-01-18_Afula,17.983605552068006
06-01-18_Ashdod,18.430586197398796
06-01-18_Beer Sheva,15.687721997472526
06-01-18_Bet Shean,18.80174645281675
06-01-18_Elat,20.097185548672883
06-01-18_En Gedi,19.59660070935051
06-01-18_Haifa,16.282021030470958
06-01-18_Jerusalem,11.616693946997383
06-01-18_Lod,17.295638945592778
06-01-18_Mizpe Ramon,12.002845053504911
06-01-18_Nazareth,13.721069399878541
06-01-18_Qazrin,13.048786191263623
06-01-18_Tel Aviv,16.946152302340074
06-01-18_Tiberias,16.39487625603138
06-01-18_Zefat,10.919611666275863
07-01-18_Afula,18.568580275537318
07-01-18_Ashdod,18.479086994621312
07-01-18_Beer Sheva,16.846590448147804
07-01-18_Bet Shean,19.995605178857705
07-01-18_Elat,20.30432949501211
07-01-18_En Gedi,20.55167731129313
07-01-18_Haifa,17.889237629599616
07-01-18_Jerusalem,13.222108894841858
07-01-18_Lod,18.35932769433101
07-01-18_Mizpe Ramon,13.238553732297012
07-01-18_Nazareth,15.930266671071573
07-01-18_Qazrin,15.830847078092901
07-01-18_Tel Aviv,17.650115749027364
07-01-18_Tiberias,17.70346418375087
07-01-18_Zefat,12.82647021357246
08-01-18_Afula,19.12303499206817
08-01-18_Ashdod,18.372976606866715
08-01-18_Beer Sheva,18.593175634618568
08-01-18_Bet Shean,19.6498961149365
08-01-18_Elat,20.99304957628423
08-01-18_En Gedi,20.44449015444455
08-01-18_Haifa,18.28464631867586
08-01-18_Jerusalem,14.784157036055833
08-01-18_Lod,19.4172431431406
08-01-18_Mizpe Ramon,14.228800498687395
08-01-18_Nazareth,17.00145207773941
08-01-18_Qazrin,16.369445310133887
08-01-18_Tel Aviv,18.49520764223553
08-01-18_Tiberias,18.10627541631234
08-01-18_Zefat,13.436325268777813
09-01-18_Afula,19.456605734037552
09-01-18_Ashdod,18.25640702401195
09-01-18_Beer Sheva,18.914692851044357
09-01-18_Bet Shean,19.67129502217943
09-01-18_Elat,20.705968061321368
09-01-18_En Gedi,19.276554820433496
09-01-18_Haifa,17.799714519112456
09-01-18_Jerusalem,15.384517108014506
09-01-18_Lod,18.593560378838987
09-01-18_Mizpe Ramon,15.118285323073982
09-01-18_Nazareth,17.0879573267297
09-01-18_Qazrin,15.438177333328412
09-01-18_Tel Aviv,18.004937771301236
09-01-18_Tiberias,18.455778902587692
09-01-18_Zefat,14.119215365504383
10-01-18_Afula,19.425633162029357
10-01-18_Ashdod,19.082603781113743
10-01-18_Beer Sheva,18.348407149031438
10-01-18_Bet Shean,20.206833810025763
10-01-18_Elat,19.969076275690917
10-01-18_En Gedi,18.550864581382744
10-01-18_Haifa,17.668411230951442
10-01-18_Jerusalem,14.500576482194042
10-01-18_Lod,18.50087456712835
10-01-18_Mizpe Ramon,14.725686276022287
10-01-18_Nazareth,16.172343113272568
10-01-18_Qazrin,16.235010597554016
10-01-18_Tel Aviv,18.225388239316175
10-01-18_Tiberias,18.025642780559338
10-01-18_Zefat,13.871643938110784
11-01-18_Afula,20.67124790163873
11-01-18_Ashdod,19.701422993996466
11-01-18_Beer Sheva,21.493390911174515
11-01-18_Bet Shean,20.985619135580503
11-01-18_Elat,22.581323288409557
11-01-18_En Gedi,19.50415241480295
11-01-18_Haifa,19.589450859660147
11-01-18_Jerusalem,17.158140892725655
11-01-18_Lod,20.038103420706403
11-01-18_Mizpe Ramon,19.393788285122007
11-01-18_Nazareth,17.02393190403224
11-01-18_Qazrin,17.794032710590578
11-01-18_Tel Aviv,19.960029401854854
11-01-18_Tiberias,20.312683327502143
11-01-18_Zefat,14.106633334142588
12-01-18_Afula,19.39421291657075
12-01-18_Ashdod,20.33560493983385
12-01-18_Beer Sheva,20.94711558891249
12-01-18_Bet Shean,20.883136983801524
12-01-18_Elat,24.4680892172596
12-01-18_En Gedi,20.814788427661796
12-01-18_Haifa,18.811143661684376
12-01-18_Jerusalem,16.576648510892852
12-01-18_Lod,20.671909318275464
12-01-18_Mizpe Ramon,18.55721196166381
12-01-18_Nazareth,17.453442551748164
12-01-18_Qazrin,17.263600987939427
12-01-18_Tel Aviv,19.94724924811421
12-01-18_Tiberias,20.403333648715474
12-01-18_Zefat,15.183854424274077
13-01-18_Afula,20.85386856655851
13-01-18_Ashdod,18.799546498979993
13-01-18_Beer Sheva,19.713070509057893
13-01-18_Bet Shean,21.681083523133132
13-01-18_Elat,24.0632895667899
13-01-18_En Gedi,21.05363487413949
13-01-18_Haifa,19.68282532946194
13-01-18_Jerusalem,15.993525561089516
13-01-18_Lod,19.21733224108539
13-01-18_Mizpe Ramon,18.809700991559865
13-01-18_Nazareth,18.9930555080539
13-01-18_Qazrin,18.547551462021076
13-01-18_Tel Aviv,18.918251467794413
13-01-18_Tiberias,20.726162594410752
13-01-18_Zefat,15.611998995362004
14-01-18_Afula,18.708416393414275
14-01-18_Ashdod,18.13616296298848
14-01-18_Beer Sheva,18.723640422268616
14-01-18_Bet Shean,19.276332988080306
14-01-18_Elat,22.207493753460056
14-01-18_En Gedi,22.118862233930578
14-01-18_Haifa,17.18553685922589
14-01-18_Jerusalem,13.87860411486706
14-01-18_Lod,17.888983340968636
14-01-18_Mizpe Ramon,14.95032965316349
14-01-18_Nazareth,15.88297701662333
14-01-18_Qazrin,15.356330717587799
14-01-18_Tel Aviv,17.46418377738333
14-01-18_Tiberias,19.21234891429097
14-01-18_Zefat,12.31746792906172
15-01-18_Afula,18.4442910814753
15-01-18_Ashdod,18.19076649342246
15-01-18_Beer Sheva,17.39862275960368
15-01-18_Bet Shean,19.910737046542486
15-01-18_Elat,21.194028530197052
15-01-18_En Gedi,22.022726687609765
15-01-18_Haifa,16.907826996961987
15-01-18_Jerusalem,12.178255710315003
15-01-18_Lod,17.369084982917816
15-01-18_Mizpe Ramon,13.965719197428783
15-01-18_Nazareth,15.472603169324712
15-01-18_Qazrin,13.895946291487771
15-01-18_Tel Aviv,17.48084100184913
15-01-18_Tiberias,18.262282867351875
15-01-18_Zefat,12.293915274647546
16-01-18_Afula,17.720958176289674
16-01-18_Ashdod,18.498734134255322
16-01-18_Beer Sheva,17.726774563748585
16-01-18_Bet Shean,19.801036878553063
16-01-18_Elat,21.479498282455417
16-01-18_En Gedi,21.508037041323785
16-01-18_Haifa,17.247045173363034
16-01-18_Jerusalem,13.705441646109389
16-01-18_Lod,17.673668951789647
16-01-18_Mizpe Ramon,14.660283657446708
16-01-18_Nazareth,15.656626103057913
16-01-18_Qazrin,15.05550802740894
16-01-18_Tel Aviv,17.41090844403525
16-01-18_Tiberias,17.860118837142323
16-01-18_Zefat,12.167849737772034
17-01-18_Afula,17.698148441835627
17-01-18_Ashdod,17.76210435105979
17-01-18_Beer Sheva,16.013859198613428
17-01-18_Bet Shean,18.552922373936987
17-01-18_Elat,21.193679267347406
17-01-18_En Gedi,20.525459274469178
17-01-18_Haifa,15.835636010494879
17-01-18_Jerusalem,11.821087553949853
17-01-18_Lod,16.209143639889295
17-01-18_Mizpe Ramon,13.447306316903408
17-01-18_Nazareth,14.710442176253999
17-01-18_Qazrin,13.689591000947393
17-01-18_Tel Aviv,16.151335018765103
17-01-18_Tiberias,17.583722730347407
17-01-18_Zefat,10.867829054513066
18-01-18_Afula,18.108318575677405
18-01-18_Ashdod,18.877969375439505
18-01-18_Beer Sheva,17.50915678276339
18-01-18_Bet Shean,20.131956425017385
18-01-18_Elat,21.015117861946024
18-01-18_En Gedi,22.590543619789788
18-01-18_Haifa,17.015013895175187
18-01-18_Jerusalem,13.036156761322276
18-01-18_Lod,17.146588829637682
18-01-18_Mizpe Ramon,14.212404165485909
18-01-18_Nazareth,14.85062037090922
18-01-18_Qazrin,13.62227824102331
18-01-18_Tel Aviv,17.79339013403915
18-01-18_Tiberias,17.540869672124572
18-01-18_Zefat,10.955107285127813
19-01-18_Afula,16.48798892660459
19-01-18_Ashdod,17.343094064773126
19-01-18_Beer Sheva,16.006379316295728
19-01-18_Bet Shean,19.045475088283347
19-01-18_Elat,19.7994703885163
19-01-18_En Gedi,21.74488863144055
19-01-18_Haifa,14.969092745530277
19-01-18_Jerusalem,10.667091077295481
19-01-18_Lod,15.966914185371852
19-01-18_Mizpe Ramon,11.642082663306294
19-01-18_Nazareth,12.726791365575995
19-01-18_Qazrin,12.082818884783471
19-01-18_Tel Aviv,15.699633407909573
19-01-18_Tiberias,17.072293564171567
19-01-18_Zefat,8.609187284346017
20-01-18_Afula,17.544723824365217
20-01-18_Ashdod,17.63522735809698
20-01-18_Beer Sheva,15.902362993115155
20-01-18_Bet Shean,18.88631924862701
20-01-18_Elat,20.289932940506375
20-01-18_En Gedi,19.730130490468284
20-01-18_Haifa,16.264755070206213
20-01-18_Jerusalem,11.578200057643954
20-01-18_Lod,16.85817318967182
20-01-18_Mizpe Ramon,12.625183748319525
20-01-18_Nazareth,13.998426428049877
20-01-18_Qazrin,12.820595656715827
20-01-18_Tel Aviv,17.098395481357162
20-01-18_Tiberias,16.74815682048376
20-01-18_Zefat,10.329217879466992
21-01-18_Afula,18.47235085394444
21-01-18_Ashdod,17.83515657023098
21-01-18_Beer Sheva,18.82612906928413
21-01-18_Bet Shean,18.58443389026276
21-01-18_Elat,21.1453692163195
21-01-18_En Gedi,18.940433381835923
21-01-18_Haifa,17.578623904614705
21-01-18_Jerusalem,13.745592925831668
21-01-18_Lod,18.07413312733907
21-01-18_Mizpe Ramon,15.374124165150752
21-01-18_Nazareth,15.994101848613761
21-01-18_Qazrin,15.827559752074102
21-01-18_Tel Aviv,17.628197357499854
21-01-18_Tiberias,19.272258102280666
21-01-18_Zefat,12.384875353441853
22-01-18_Afula,19.05025743765438
22-01-18_Ashdod,18.35116161762213
22-01-18_Beer Sheva,18.664380101975027
22-01-18_Bet Shean,20.50457555481141
22-01-18_Elat,22.537375120365457
22-01-18_En Gedi,22.058839079306193
22-01-18_Haifa,16.977510053374118
22-01-18_Jerusalem,15.054911707353286
22-01-18_Lod,18.565655067276957
22-01-18_Mizpe Ramon,16.16386337652048
22-01-18_Nazareth,16.015842886146817
22-01-18_Qazrin,16.413700072745282
22-01-18_Tel Aviv,18.021027010424977
22-01-18_Tiberias,18.950523442007313
22-01-18_Zefat,12.292396553022552
23-01-18_Afula,18.242012080013893
23-01-18_Ashdod,18.3852845361111
23-01-18_Beer Sheva,18.41147102923433
23-01-18_Bet Shean,20.01491428931105
23-01-18_Elat,22.519545583539276
23-01-18_En Gedi,23.191156442548834
23-01-18_Haifa,17.06367268300361
23-01-18_Jerusalem,13.167464069739005
23-01-18_Lod,17.435734612303463
23-01-18_Mizpe Ramon,15.317591107934762
23-01-18_Nazareth,15.456794065127651
23-01-18_Qazrin,14.15059603368756
23-01-18_Tel Aviv,16.865141375770875
23-01-18_Tiberias,18.554602173372423
23-01-18_Zefat,11.949440276645287
24-01-18_Afula,16.12987424801491
24-01-18_Ashdod,17.048572998077614
24-01-18_Beer Sheva,17.248718780838235
24-01-18_Bet Shean,17.53813489315405
24-01-18_Elat,21.658510411866203
24-01-18_En Gedi,21.406816066660497
24-01-18_Haifa,14.932285874310455
24-01-18_Jerusalem,12.419535109633511
24-01-18_Lod,15.556360685135454
24-01-18_Mizpe Ramon,14.019120401099057
24-01-18_Nazareth,13.267080317270898
24-01-18_Qazrin,11.47665389281946
24-01-18_Tel Aviv,15.50114577318331
24-01-18_Tiberias,15.879950436544238
24-01-18_Zefat,8.784934200777476
25-01-18_Afula,15.233102302810114
25-01-18_Ashdod,16.61682838319806
25-01-18_Beer Sheva,16.537366329769963
25-01-18_Bet Shean,17.040530308900095
25-01-18_Elat,21.068455555788102
25-01-18_En Gedi,20.711896294237558
25-01-18_Haifa,14.041307338133
25-01-18_Jerusalem,11.626763104160208
25-01-18_Lod,15.138925587789007
25-01-18_Mizpe Ramon,12.752330986209477
25-01-18_Nazareth,11.700343158718173
25-01-18_Qazrin,11.06676201022391
25-01-18_Tel Aviv,14.942084330482828
25-01-18_Tiberias,14.729735733489505
25-01-18_Zefat,7.986365525924487
26-01-18_Afula,12.38661716142499
26-01-18_Ashdod,15.296736045002135
26-01-18_Beer Sheva,13.533054964940675
26-01-18_Bet Shean,15.45957155205212
26-01-18_Elat,18.642061521682873
26-01-18_En Gedi,18.85884168338602
26-01-18_Haifa,11.172035656647452
26-01-18_Jerusalem,8.203469879024528
26-01-18_Lod,12.817490305409233
26-01-18_Mizpe Ramon,9.817381617986035
26-01-18_Nazareth,9.11320870216306
26-01-18_Qazrin,9.585802233847717
26-01-18_Tel Aviv,12.877131550265844
26-01-18_Tiberias,13.645591066968109
26-01-18_Zefat,5.6494033975972116
27-01-18_Afula,13.543732715445081
27-01-18_Ashdod,14.711637052356677
27-01-18_Beer Sheva,12.806565417246597
27-01-18_Bet Shean,15.901377302361169
27-01-18_Elat,17.612952351282857
27-01-18_En Gedi,18.43541852883086
27-01-18_Haifa,12.72143218363384
27-01-18_Jerusalem,9.438454785703541
27-01-18_Lod,14.179338826900409
27-01-18_Mizpe Ramon,9.31245819089375
27-01-18_Nazareth,10.65712114133041
27-01-18_Qazrin,9.389068740403118
27-01-18_Tel Aviv,13.783006502034981
27-01-18_Tiberias,12.756758664990123
27-01-18_Zefat,6.813023435613523
28-01-18_Afula,15.951929279603469
28-01-18_Ashdod,16.12580415146258
28-01-18_Beer Sheva,14.705865465109945
28-01-18_Bet Shean,16.422427872834923
28-01-18_Elat,18.557468476391463
28-01-18_En Gedi,17.791411516372634
28-01-18_Haifa,15.264530701452166
28-01-18_Jerusalem,11.157494308668308
28-01-18_Lod,14.853326316133774
28-01-18_Mizpe Ramon,12.267978655942663
28-01-18_Nazareth,12.986307875259808
28-01-18_Qazrin,11.086240192472122
28-01-18_Tel Aviv,14.870002731868212
28-01-18_Tiberias,15.232965199588872
28-01-18_Zefat,9.34720050800084
29-01-18_Afula,16.825584303344765
29-01-18_Ashdod,17.358858109618858
29-01-18_Beer Sheva,16.384730406223007
29-01-18_Bet Shean,18.057856467138606
29-01-18_Elat,19.401302475263897
29-01-18_En Gedi,18.284284151527864
29-01-18_Haifa,16.122959722186337
29-01-18_Jerusalem,12.303774903453188
29-01-18_Lod,15.92427693884579
29-01-18_Mizpe Ramon,12.208152462482538
29-01-18_Nazareth,14.590464117080717
29-01-18_Qazrin,12.51254617444473
29-01-18_Tel Aviv,15.910687513716802
29-01-18_Tiberias,16.14055650379339
29-01-18_Zefat,10.769726457651483
30-01-18_Afula,17.997171591477763
30-01-18_Ashdod,17.509255477513676
30-01-18_Beer Sheva,16.516680083582166
30-01-18_Bet Shean,18.708513426177447
30-01-18_Elat,20.11630413131674
30-01-18_En Gedi,18.20559505146866
30-01-18_Haifa,16.35815834459894
30-01-18_Jerusalem,12.822191362153344
30-01-18_Lod,17.208038654134736
30-01-18_Mizpe Ramon,13.154692188180345
30-01-18_Nazareth,15.132633934296722
30-01-18_Qazrin,12.730490381231697
30-01-18_Tel Aviv,16.695933933170863
30-01-18_Tiberias,16.523227776045466
30-01-18_Zefat,12.141588437347494
31-01-18_Afula,18.429874313900807
31-01-18_Ashdod,17.42640332417805
31-01-18_Beer Sheva,17.659023067620748
31-01-18_Bet Shean,19.448693950525495
31-01-18_Elat,20.723265547522757
31-01-18_En Gedi,19.02245235489312
31-01-18_Haifa,16.544094877337095
31-01-18_Jerusalem,14.07097135071026
31-01-18_Lod,17.819066577765412
31-01-18_Mizpe Ramon,14.114149712041852
31-01-18_Nazareth,15.197994424486785
31-01-18_Qazrin,13.904610334436622
31-01-18_Tel Aviv,17.31400462833431
31-01-18_Tiberias,17.263869321009864
31-01-18_Zefat,11.889546256369073
01-02-18_Afula,19.297783345444813
01-02-18_Ashdod,17.65895299338332
01-02-18_Beer Sheva,18.0582235747423
01-02-18_Bet Shean,21.33176669406307
01-02-18_Elat,20.376960022879672
01-02-18_En Gedi,19.505602324887057
01-02-18_Haifa,17.30604400594531
01-02-18_Jerusalem,15.102823384059787
01-02-18_Lod,18.810303546389314
01-02-18_Mizpe Ramon,15.009499644209836
01-02-18_Nazareth,17.094435586919943
01-02-18_Qazrin,16.21322546399131
01-02-18_Tel Aviv,18.03788920531293
01-02-18_Tiberias,18.271867650919052
01-02-18_Zefat,13.461972845002311
02-02-18_Afula,20.90800633404634
02-02-18_Ashdod,18.639769994092582
02-02-18_Beer Sheva,20.167742258544443
02-02-18_Bet Shean,23.181131858716007
02-02-18_Elat,22.786322454053575
02-02-18_En Gedi,20.71740117393996
02-02-18_Haifa,19.50521138202558
02-02-18_Jerusalem,17.3350520519039
02-02-18_Lod,19.839607110036766
02-02-18_Mizpe Ramon,17.83954805940224
02-02-18_Nazareth,18.547402914647755
02-02-18_Qazrin,18.931928590409086
02-02-18_Tel Aviv,18.758106183525868
02-02-18_Tiberias,20.616560265489966
02-02-18_Zefat,16.04504866445852
03-02-18_Afula,21.37923636276986
03-02-18_Ashdod,18.704707117240936
03-02-18_Beer Sheva,22.364973234008446
03-02-18_Bet Shean,22.645511716794964
03-02-18_Elat,25.346394878731378
03-02-18_En Gedi,21.456007308000792
03-02-18_Haifa,19.24512652907874
03-02-18_Jerusalem,20.012920999454288
03-02-18_Lod,20.136548056166777
03-02-18_Mizpe Ramon,20.77113945617608
03-02-18_Nazareth,19.713708516610843
03-02-18_Qazrin,18.41766073755393
03-02-18_Tel Aviv,19.535884578731462
03-02-18_Tiberias,19.6792731312794
03-02-18_Zefat,16.878458005667657
04-02-18_Afula,23.411783263687365
04-02-18_Ashdod,20.918391664015736
04-02-18_Beer Sheva,24.826063478312832
04-02-18_Bet Shean,22.972366903740273
04-02-18_Elat,27.411409337453783
04-02-18_En Gedi,21.638339345630726
04-02-18_Haifa,21.529372539538123
04-02-18_Jerusalem,21.59446314739542
04-02-18_Lod,22.373271858034883
04-02-18_Mizpe Ramon,22.592688813469454
04-02-18_Nazareth,20.866702769538747
04-02-18_Qazrin,19.537439444762434
04-02-18_Tel Aviv,22.348629546029308
04-02-18_Tiberias,20.965435815166934
04-02-18_Zefat,18.85086099945954
05-02-18_Afula,22.23520141081153
05-02-18_Ashdod,21.335037074637526
05-02-18_Beer Sheva,25.314420446943107
05-02-18_Bet Shean,22.970742339594025
05-02-18_Elat,28.312583741966076
05-02-18_En Gedi,21.531233218015654
05-02-18_Haifa,22.50437986779444
05-02-18_Jerusalem,22.08949755512132
05-02-18_Lod,23.887744841637126
05-02-18_Mizpe Ramon,23.091449354648805
05-02-18_Nazareth,21.107593612848373
05-02-18_Qazrin,20.325129797578427
05-02-18_Tel Aviv,23.319596196982886
05-02-18_Tiberias,20.561821551013303
05-02-18_Zefat,19.510336429601537
06-02-18_Afula,23.077676961572738
06-02-18_Ashdod,22.647654017051774
06-02-18_Beer Sheva,25.71431765361819
06-02-18_Bet Shean,23.510121060542893
06-02-18_Elat,28.96886673356231
06-02-18_En Gedi,23.367850525287857
06-02-18_Haifa,21.86759614208776
06-02-18_Jerusalem,22.326079984531702
06-02-18_Lod,23.906473305717366
06-02-18_Mizpe Ramon,23.573014688278356
06-02-18_Nazareth,21.062955987717956
06-02-18_Qazrin,21.096188301514587
06-02-18_Tel Aviv,23.531774168727313
06-02-18_Tiberias,21.58806643181528
06-02-18_Zefat,19.83101555044091
07-02-18_Afula,23.059162313312203
07-02-18_Ashdod,19.93476917164404
07-02-18_Beer Sheva,24.885465603058712
07-02-18_Bet Shean,24.198222762753286
07-02-18_Elat,28.835207031356642
07-02-18_En Gedi,23.46101791661449
07-02-18_Haifa,21.057061456356294
07-02-18_Jerusalem,22.40640874139227
07-02-18_Lod,22.587638095232588
07-02-18_Mizpe Ramon,23.45378299002773
07-02-18_Nazareth,22.1808950914772
07-02-18_Qazrin,21.225566773621537
07-02-18_Tel Aviv,22.38894866479354
07-02-18_Tiberias,22.21357881866139
07-02-18_Zefat,20.838118047545105
08-02-18_Afula,24.90968925204349
08-02-18_Ashdod,20.283202263738715
08-02-18_Beer Sheva,27.98258794079388
08-02-18_Bet Shean,25.37031513225988
08-02-18_Elat,28.446293140106434
08-02-18_En Gedi,24.5333486748198
08-02-18_Haifa,23.094725211358718
08-02-18_Jerusalem,22.69704428816012
08-02-18_Lod,24.327350798170343
08-02-18_Mizpe Ramon,23.788583895062313
08-02-18_Nazareth,22.263151989670632
08-02-18_Qazrin,23.36705896885774
08-02-18_Tel Aviv,24.135921295029853
08-02-18_Tiberias,23.993256844042186
08-02-18_Zefat,20.43694862145415
09-02-18_Afula,25.02973295206563
09-02-18_Ashdod,20.644778370902298
09-02-18_Beer Sheva,26.5130937048655
09-02-18_Bet Shean,25.977656340366416
09-02-18_Elat,30.145977550579044
09-02-18_En Gedi,25.562728910739384
09-02-18_Haifa,24.599785271595223
09-02-18_Jerusalem,24.28463091756871
09-02-18_Lod,23.58010266028625
09-02-18_Mizpe Ramon,26.137782465065794
09-02-18_Nazareth,23.156348226607403
09-02-18_Qazrin,22.865659616115376
09-02-18_Tel Aviv,23.79857018986741
09-02-18_Tiberias,23.45667021360414
09-02-18_Zefat,21.071843241684498
10-02-18_Afula,24.91486347589392
10-02-18_Ashdod,20.601993706636215
10-02-18_Beer Sheva,28.06734910565386
10-02-18_Bet Shean,25.989477891869193
10-02-18_Elat,29.791086395062152
10-02-18_En Gedi,24.38030566919799
10-02-18_Haifa,23.631926728191107
10-02-18_Jerusalem,24.019747321468863
10-02-18_Lod,25.868585419818306
10-02-18_Mizpe Ramon,27.516494178459038
10-02-18_Nazareth,23.860994907140164
10-02-18_Qazrin,23.47000236425401
10-02-18_Tel Aviv,25.160395032209696
10-02-18_Tiberias,23.40544405573493
10-02-18_Zefat,22.034439379229134
11-02-18_Afula,23.658734108547815
11-02-18_Ashdod,22.217182104994244
11-02-18_Beer Sheva,26.459972670999587
11-02-18_Bet Shean,25.586892771892543
11-02-18_Elat,29.687139541719574
11-02-18_En Gedi,26.570012977996388
11-02-18_Haifa,23.340854365143564
11-02-18_Jerusalem,24.427273002136456
11-02-18_Lod,23.668846144439335
11-02-18_Mizpe Ramon,27.14466316393609
11-02-18_Nazareth,23.157164439182214
11-02-18_Qazrin,23.659057226460508
11-02-18_Tel Aviv,22.918137533198202
11-02-18_Tiberias,23.32082966535074
11-02-18_Zefat,20.526915190075265
12-02-18_Afula,20.83066620037997
12-02-18_Ashdod,20.04855127012996
12-02-18_Beer Sheva,21.327383243070003
12-02-18_Bet Shean,22.564082130364767
12-02-18_Elat,27.09188580310906
12-02-18_En Gedi,23.427650534581286
12-02-18_Haifa,19.199176536184257
12-02-18_Jerusalem,18.367810561415528
12-02-18_Lod,20.281608980792747
12-02-18_Mizpe Ramon,21.629662246002997
12-02-18_Nazareth,18.204643032856033
12-02-18_Qazrin,17.29681516023942
12-02-18_Tel Aviv,19.891173670231495
12-02-18_Tiberias,20.540496167656748
12-02-18_Zefat,15.7508474084081
13-02-18_Afula,19.03919983146873
13-02-18_Ashdod,18.731281716474456
13-02-18_Beer Sheva,17.7988004325714
13-02-18_Bet Shean,20.60031550045436
13-02-18_Elat,23.410931718656673
13-02-18_En Gedi,23.18843928030483
13-02-18_Haifa,16.00961437368602
13-02-18_Jerusalem,14.32957257476443
13-02-18_Lod,17.85187422461818
13-02-18_Mizpe Ramon,16.196803148745396
13-02-18_Nazareth,15.03121901088326
13-02-18_Qazrin,14.481899752077878
13-02-18_Tel Aviv,17.41199566768513
13-02-18_Tiberias,18.477012665831836
13-02-18_Zefat,11.994653142509115
14-02-18_Afula,18.815261926093903
14-02-18_Ashdod,17.803095062859754
14-02-18_Beer Sheva,18.194750253682876
14-02-18_Bet Shean,20.511627882998717
14-02-18_Elat,22.640419902478595
14-02-18_En Gedi,21.734673701385724
14-02-18_Haifa,16.925322669430802
14-02-18_Jerusalem,13.104265530786694
14-02-18_Lod,18.044147587997177
14-02-18_Mizpe Ramon,14.636218944411008
14-02-18_Nazareth,15.343820703811641
14-02-18_Qazrin,14.230487198859539
14-02-18_Tel Aviv,16.935996087489933
14-02-18_Tiberias,18.643902590888594
14-02-18_Zefat,11.49465268387935
15-02-18_Afula,20.9752598630543
15-02-18_Ashdod,19.045140165273224
15-02-18_Beer Sheva,20.620604202675324
15-02-18_Bet Shean,23.000912326047214
15-02-18_Elat,23.90165798266106
15-02-18_En Gedi,24.732832394775215
15-02-18_Haifa,19.56920800485431
15-02-18_Jerusalem,15.725416690644721
15-02-18_Lod,21.177916417051005
15-02-18_Mizpe Ramon,16.901791774528323
15-02-18_Nazareth,18.74717425961535
15-02-18_Qazrin,18.172510654254246
15-02-18_Tel Aviv,21.41748539170205
15-02-18_Tiberias,21.193549482060924
15-02-18_Zefat,14.364514290053075
16-02-18_Afula,22.005546270155683
16-02-18_Ashdod,18.16933862891613
16-02-18_Beer Sheva,19.955868023854375
16-02-18_Bet Shean,23.124497589067193
16-02-18_Elat,24.185481534472714
16-02-18_En Gedi,23.406603360264103
16-02-18_Haifa,20.73952943705966
16-02-18_Jerusalem,16.073954231222057
16-02-18_Lod,20.482871204836663
16-02-18_Mizpe Ramon,17.878986047798634
16-02-18_Nazareth,19.685590136404873
16-02-18_Qazrin,18.81203997085339
16-02-18_Tel Aviv,19.38466676955268
16-02-18_Tiberias,22.8189435548067
16-02-18_Zefat,15.298343241768793
17-02-18_Afula,18.13169096956393
17-02-18_Ashdod,17.33064143975163
17-02-18_Beer Sheva,17.649334852441818
17-02-18_Bet Shean,19.48626554870208
17-02-18_Elat,21.24521674987318
17-02-18_En Gedi,20.824788807232615
17-02-18_Haifa,16.325610668959982
17-02-18_Jerusalem,13.176105020525746
17-02-18_Lod,16.413660936385646
17-02-18_Mizpe Ramon,14.289495850217477
17-02-18_Nazareth,15.380871968885767
17-02-18_Qazrin,14.648559110776958
17-02-18_Tel Aviv,16.337109073979377
17-02-18_Tiberias,18.637379381666175
17-02-18_Zefat,11.624036106817112
18-02-18_Afula,17.789287964976218
18-02-18_Ashdod,17.32549733560822
18-02-18_Beer Sheva,16.273901588370602
18-02-18_Bet Shean,19.319004227284292
18-02-18_Elat,21.695715223591144
18-02-18_En Gedi,21.517434710732964
18-02-18_Haifa,15.517183312744685
18-02-18_Jerusalem,11.900389426989147
18-02-18_Lod,16.97683863040126
18-02-18_Mizpe Ramon,13.50106160979321
18-02-18_Nazareth,14.260886731766963
18-02-18_Qazrin,13.07667685852989
18-02-18_Tel Aviv,16.362456447708922
18-02-18_Tiberias,17.61635325506802
18-02-18_Zefat,11.057482702539442
19-02-18_Afula,19.833992084737275
19-02-18_Ashdod,17.76300316576052
19-02-18_Beer Sheva,18.72716957355164
19-02-18_Bet Shean,21.162130055658245
19-02-18_Elat,22.578192539589942
19-02-18_En Gedi,21.51730028595432
19-02-18_Haifa,17.16058862731459
19-02-18_Jerusalem,13.870771623148142
19-02-18_Lod,18.712115082218453
19-02-18_Mizpe Ramon,16.231358298259067
19-02-18_Nazareth,16.466664699892252
19-02-18_Qazrin,15.550708915262238
19-02-18_Tel Aviv,17.638790861016187
19-02-18_Tiberias,19.462269262497404
19-02-18_Zefat,12.649444524922293
20-02-18_Afula,21.142629472680767
20-02-18_Ashdod,18.638602564245456
20-02-18_Beer Sheva,19.28960617042121
20-02-18_Bet Shean,22.242709230267128
20-02-18_Elat,23.626332038128304
20-02-18_En Gedi,22.14300710463911
20-02-18_Haifa,17.296734372040962
20-02-18_Jerusalem,16.62388366561018
20-02-18_Lod,18.10447846772893
20-02-18_Mizpe Ramon,17.30459477587901
20-02-18_Nazareth,17.98483174005802
20-02-18_Qazrin,18.329698020562855
20-02-18_Tel Aviv,17.665944415182473
20-02-18_Tiberias,21.254927650190545
20-02-18_Zefat,15.21146950518843
21-02-18_Afula,21.320932884513276
21-02-18_Ashdod,18.825506552176087
21-02-18_Beer Sheva,21.23542565710185
21-02-18_Bet Shean,22.56914729633582
21-02-18_Elat,24.26914412735862
21-02-18_En Gedi,22.35449250710503
21-02-18_Haifa,18.886192617672293
21-02-18_Jerusalem,17.537546860834826
21-02-18_Lod,20.33105239570518
21-02-18_Mizpe Ramon,18.574657302111213
21-02-18_Nazareth,18.39576961076868
21-02-18_Qazrin,17.391113551283063
21-02-18_Tel Aviv,18.695235494879405
21-02-18_Tiberias,21.09133224299019
21-02-18_Zefat,15.0526449353559
22-02-18_Afula,21.174395670419447
22-02-18_Ashdod,21.054619618677158
22-02-18_Beer Sheva,22.737375368808323
22-02-18_Bet Shean,22.622951704499073
22-02-18_Elat,25.28227476445748
22-02-18_En Gedi,22.56891521419049
22-02-18_Haifa,19.615583889968896
22-02-18_Jerusalem,16.69865082366094
22-02-18_Lod,21.100291785097713
22-02-18_Mizpe Ramon,19.258311845445707
22-02-18_Nazareth,18.429347232663012
22-02-18_Qazrin,18.171453072686738
22-02-18_Tel Aviv,20.24682109680284
22-02-18_Tiberias,21.050887247371378
22-02-18_Zefat,15.449758650703282
23-02-18_Afula,21.5968566413717
23-02-18_Ashdod,21.03795365328738
23-02-18_Beer Sheva,22.873922279355188
23-02-18_Bet Shean,23.16373579216389
23-02-18_Elat,24.467082551936585
23-02-18_En Gedi,22.957348161492597
23-02-18_Haifa,19.82194857264706
23-02-18_Jerusalem,17.014426491846557
23-02-18_Lod,21.16101794591937
23-02-18_Mizpe Ramon,17.715998364100066
23-02-18_Nazareth,18.910644185398297
23-02-18_Qazrin,18.577226068460305
23-02-18_Tel Aviv,20.497640585624488
23-02-18_Tiberias,21.283190346897484
23-02-18_Zefat,14.996551691681857
24-02-18_Afula,20.25790997917506
24-02-18_Ashdod,19.36247345411062
24-02-18_Beer Sheva,20.602459101339747
24-02-18_Bet Shean,22.253754554648538
24-02-18_Elat,24.58805150277569
24-02-18_En Gedi,23.082249889114763
24-02-18_Haifa,18.329131266704508
24-02-18_Jerusalem,15.605146187372794
24-02-18_Lod,19.388835892272944
24-02-18_Mizpe Ramon,16.354225455287512
24-02-18_Nazareth,17.47014799416144
24-02-18_Qazrin,16.814962065355576
24-02-18_Tel Aviv,19.002884943976824
24-02-18_Tiberias,19.738647315345666
24-02-18_Zefat,14.360439183746394
25-02-18_Afula,20.066301052347633
25-02-18_Ashdod,20.215597406185154
25-02-18_Beer Sheva,21.704640149010107
25-02-18_Bet Shean,23.399553113036255
25-02-18_Elat,24.203102294372886
25-02-18_En Gedi,24.814808725880788
25-02-18_Haifa,18.391906968230572
25-02-18_Jerusalem,17.57844999998597
25-02-18_Lod,19.854481160963303
25-02-18_Mizpe Ramon,18.545478985526483
25-02-18_Nazareth,17.30814175754201
25-02-18_Qazrin,16.82737687079026
25-02-18_Tel Aviv,19.80753198876503
25-02-18_Tiberias,20.94349892342472
25-02-18_Zefat,14.592779525327959
26-02-18_Afula,21.602243370732136
26-02-18_Ashdod,22.261932171438474
26-02-18_Beer Sheva,22.848141595573015
26-02-18_Bet Shean,22.548135147202093
26-02-18_Elat,26.112588963661484
26-02-18_En Gedi,25.340238779478625
26-02-18_Haifa,19.541393688552112
26-02-18_Jerusalem,17.229478203284938
26-02-18_Lod,21.48012413746081
26-02-18_Mizpe Ramon,19.712217195118335
26-02-18_Nazareth,17.351768036694203
26-02-18_Qazrin,16.682053050619075
26-02-18_Tel Aviv,21.282667412111227
26-02-18_Tiberias,20.048677928898964
26-02-18_Zefat,13.442461426421279
27-02-18_Afula,19.61416255548543
27-02-18_Ashdod,20.009139725381576
27-02-18_Beer Sheva,20.451188707907015
27-02-18_Bet Shean,21.988632510361818
27-02-18_Elat,25.904254885478675
27-02-18_En Gedi,22.746825720358743
27-02-18_Haifa,18.79127527580711
27-02-18_Jerusalem,15.42278858797115
27-02-18_Lod,20.248821381962586
27-02-18_Mizpe Ramon,17.697451519935356
27-02-18_Nazareth,16.50961658275907
27-02-18_Qazrin,16.428543631727848
27-02-18_Tel Aviv,19.309228670389295
27-02-18_Tiberias,19.974178965621977
27-02-18_Zefat,13.519631578154343
28-02-18_Afula,20.685954928852034
28-02-18_Ashdod,18.955280954644277
28-02-18_Beer Sheva,20.097155089935058
28-02-18_Bet Shean,22.089534640991275
28-02-18_Elat,23.6214681012242
28-02-18_En Gedi,22.59847667314392
28-02-18_Haifa,18.683224063861076
28-02-18_Jerusalem,16.18039625499164
28-02-18_Lod,20.109224970638003
28-02-18_Mizpe Ramon,16.953950974371498
28-02-18_Nazareth,18.443702568648252
28-02-18_Qazrin,17.684716940563327
28-02-18_Tel Aviv,19.134508064100476
28-02-18_Tiberias,19.716406371818536
28-02-18_Zefat,15.224571589447704
01-03-18_Afula,21.75176934912274
01-03-18_Ashdod,19.588894785543395
01-03-18_Beer Sheva,22.31641514855383
01-03-18_Bet Shean,23.386852077186866
01-03-18_Elat,25.864125795613308
01-03-18_En Gedi,22.914275648743846
01-03-18_Haifa,20.11279503689338
01-03-18_Jerusalem,17.926044734337562
01-03-18_Lod,21.39070608002258
01-03-18_Mizpe Ramon,18.92748618881074
01-03-18_Nazareth,19.328770599248728
01-03-18_Qazrin,18.363304098832458
01-03-18_Tel Aviv,20.430664562175686
01-03-18_Tiberias,21.227682403584495
01-03-18_Zefat,15.885817646614672
02-03-18_Afula,23.502780245306123
02-03-18_Ashdod,19.794128117496886
02-03-18_Beer Sheva,24.19923455727283
02-03-18_Bet Shean,25.292171784049227
02-03-18_Elat,27.736725040329468
02-03-18_En Gedi,23.64765120626237
02-03-18_Haifa,20.653668563844583
02-03-18_Jerusalem,19.907317010294243
02-03-18_Lod,22.15456090779957
02-03-18_Mizpe Ramon,21.53692869021179
02-03-18_Nazareth,20.690424089259793
02-03-18_Qazrin,19.92132136372848
02-03-18_Tel Aviv,20.59616591506034
02-03-18_Tiberias,22.363425826411515
02-03-18_Zefat,17.819565131865744
03-03-18_Afula,24.87863354013754
03-03-18_Ashdod,20.96292845971426
03-03-18_Beer Sheva,26.150472223433493
03-03-18_Bet Shean,25.942366269354654
03-03-18_Elat,29.426179913732298
03-03-18_En Gedi,24.792116006246403
03-03-18_Haifa,21.85148091468688
03-03-18_Jerusalem,21.986528883407345
03-03-18_Lod,23.54999801566941
03-03-18_Mizpe Ramon,23.644953104371307
03-03-18_Nazareth,22.02992355224672
03-03-18_Qazrin,21.600008074499527
03-03-18_Tel Aviv,22.561103308998135
03-03-18_Tiberias,24.313460239459406
03-03-18_Zefat,19.52661651854799
04-03-18_Afula,26.633254746720507
04-03-18_Ashdod,23.8131445152849
04-03-18_Beer Sheva,28.324899343244
04-03-18_Bet Shean,27.88350184547838
04-03-18_Elat,29.422430712944074
04-03-18_En Gedi,26.699326073665773
04-03-18_Haifa,25.788541065537164
04-03-18_Jerusalem,24.023925483699596
04-03-18_Lod,26.467218402778467
04-03-18_Mizpe Ramon,25.514271239935105
04-03-18_Nazareth,24.904206363923777
04-03-18_Qazrin,24.323363775610357
04-03-18_Tel Aviv,26.25280777354133
04-03-18_Tiberias,25.670430042660723
04-03-18_Zefat,20.528446405125994
05-03-18_Afula,26.20327508169686
05-03-18_Ashdod,24.92249322478283
05-03-18_Beer Sheva,28.575659179400674
05-03-18_Bet Shean,28.442266549519374
05-03-18_Elat,30.281934453951305
05-03-18_En Gedi,28.915922305546992
05-03-18_Haifa,26.092937106872743
05-03-18_Jerusalem,25.105701061263858
05-03-18_Lod,26.525879985570416
05-03-18_Mizpe Ramon,26.956542146975597
05-03-18_Nazareth,25.454464937661744
05-03-18_Qazrin,24.56340480657659
05-03-18_Tel Aviv,26.210307028172256
05-03-18_Tiberias,26.12577055697059
05-03-18_Zefat,22.072220217932767
06-03-18_Afula,26.44854197608273
06-03-18_Ashdod,22.71639242722508
06-03-18_Beer Sheva,26.798257691377014
06-03-18_Bet Shean,29.530244720247513
06-03-18_Elat,29.75551359172614
06-03-18_En Gedi,32.04838902698944
06-03-18_Haifa,23.682560949663323
06-03-18_Jerusalem,23.619045097894872
06-03-18_Lod,24.574113587215308
06-03-18_Mizpe Ramon,27.068781215672903
06-03-18_Nazareth,24.55855208289816
06-03-18_Qazrin,24.1725045113743
06-03-18_Tel Aviv,24.854295086330104
06-03-18_Tiberias,26.457414079974214
06-03-18_Zefat,21.915328286770233
07-03-18_Afula,25.670896114968013
07-03-18_Ashdod,22.495929515656467
07-03-18_Beer Sheva,28.070717445914408
07-03-18_Bet Shean,27.777168140172545
07-03-18_Elat,31.93965060103648
07-03-18_En Gedi,27.851600859135868
07-03-18_Haifa,22.732288879076904
07-03-18_Jerusalem,22.956136572596098
07-03-18_Lod,25.300624337723868
07-03-18_Mizpe Ramon,26.569226869314587
07-03-18_Nazareth,23.22386482089716
07-03-18_Qazrin,21.696975254017396
07-03-18_Tel Aviv,24.24898311165669
07-03-18_Tiberias,25.066501177939088
07-03-18_Zefat,20.29077912864387
08-03-18_Afula,27.82113086033294
08-03-18_Ashdod,25.137594563959127
08-03-18_Beer Sheva,32.03349846079337
08-03-18_Bet Shean,30.48282930795082
08-03-18_Elat,33.43447757113243
08-03-18_En Gedi,30.87702848134988
08-03-18_Haifa,25.392874661065132
08-03-18_Jerusalem,28.023192477013072
08-03-18_Lod,27.871014972401515
08-03-18_Mizpe Ramon,31.077377258655343
08-03-18_Nazareth,25.627459609713824
08-03-18_Qazrin,24.211789670443565
08-03-18_Tel Aviv,25.828525050933518
08-03-18_Tiberias,26.406872167425817
08-03-18_Zefat,21.734561458310164
09-03-18_Afula,23.678552571149527
09-03-18_Ashdod,23.484179046875525
09-03-18_Beer Sheva,25.239819690466785
09-03-18_Bet Shean,26.261595766424616
09-03-18_Elat,31.27143990821164
09-03-18_En Gedi,29.979854806077597
09-03-18_Haifa,22.600758770946726
09-03-18_Jerusalem,20.533789581586966
09-03-18_Lod,23.53828125342329
09-03-18_Mizpe Ramon,23.844187614575073
09-03-18_Nazareth,20.98039314396269
09-03-18_Qazrin,20.76634916396306
09-03-18_Tel Aviv,23.331643316810304
09-03-18_Tiberias,23.26907557349198
09-03-18_Zefat,17.07936271400021
10-03-18_Afula,21.733035975772957
10-03-18_Ashdod,20.016088773938012
10-03-18_Beer Sheva,21.57050347930823
10-03-18_Bet Shean,23.852757356877962
10-03-18_Elat,26.986548506796783
10-03-18_En Gedi,25.321580947538937
10-03-18_Haifa,19.137364841314962
10-03-18_Jerusalem,16.40892881573536
10-03-18_Lod,20.063761478709885
10-03-18_Mizpe Ramon,19.274420316605312
10-03-18_Nazareth,18.723305499666026
10-03-18_Qazrin,18.230617118755443
10-03-18_Tel Aviv,19.80278324594852
10-03-18_Tiberias,22.435636792338094
10-03-18_Zefat,15.617211956118064
11-03-18_Afula,22.61541160168048
11-03-18_Ashdod,19.94821170597467
11-03-18_Beer Sheva,21.698324618390664
11-03-18_Bet Shean,24.885673172473147
11-03-18_Elat,25.204743597928786
11-03-18_En Gedi,24.551173885269854
11-03-18_Haifa,19.21595652725929
11-03-18_Jerusalem,16.99287753231107
11-03-18_Lod,20.47783330095907
11-03-18_Mizpe Ramon,17.739800926784525
11-03-18_Nazareth,19.350510325926155
11-03-18_Qazrin,19.449538067366433
11-03-18_Tel Aviv,19.877242365483625
11-03-18_Tiberias,22.18172396591099
11-03-18_Zefat,16.21999099865515
12-03-18_Afula,23.244022222611637
12-03-18_Ashdod,19.9411307188517
12-03-18_Beer Sheva,22.420489206860484
12-03-18_Bet Shean,25.221852979239692
12-03-18_Elat,26.089196839115388
12-03-18_En Gedi,24.45402677094767
12-03-18_Haifa,19.87327883955669
12-03-18_Jerusalem,18.57089593282489
12-03-18_Lod,21.02244206964379
12-03-18_Mizpe Ramon,19.65766379980022
12-03-18_Nazareth,19.726595066860945
12-03-18_Qazrin,20.041535735891955
12-03-18_Tel Aviv,20.65330380411313
12-03-18_Tiberias,23.179244157514926
12-03-18_Zefat,17.647171774847735
13-03-18_Afula,23.099798787318225
13-03-18_Ashdod,19.541174447709693
13-03-18_Beer Sheva,23.262421507484117
13-03-18_Bet Shean,25.690804287732835
13-03-18_Elat,28.170031196646914
13-03-18_En Gedi,24.406998362118586
13-03-18_Haifa,19.248947431186693
13-03-18_Jerusalem,19.723196029255845
13-03-18_Lod,21.204136514553127
13-03-18_Mizpe Ramon,21.51261643144118
13-03-18_Nazareth,19.383804271080464
13-03-18_Qazrin,19.590718732375862
13-03-18_Tel Aviv,20.163601307091035
13-03-18_Tiberias,23.039812784795032
13-03-18_Zefat,17.014152779730672
14-03-18_Afula,23.793936593579517
14-03-18_Ashdod,20.815220892988897
14-03-18_Beer Sheva,25.70237118077598
14-03-18_Bet Shean,26.74517147400825
14-03-18_Elat,30.534980049463442
14-03-18_En Gedi,26.7393346533086
14-03-18_Haifa,20.839560500291853
14-03-18_Jerusalem,21.401310170673497
14-03-18_Lod,22.70112532600865
14-03-18_Mizpe Ramon,23.49230706523682
14-03-18_Nazareth,20.384590889599714
14-03-18_Qazrin,20.476973086126264
14-03-18_Tel Aviv,21.673903896219187
14-03-18_Tiberias,23.274713146381593
14-03-18_Zefat,18.476431326117517
15-03-18_Afula,21.048779530225968
15-03-18_Ashdod,19.97823939709035
15-03-18_Beer Sheva,22.83728832369943
15-03-18_Bet Shean,25.29967977195748
15-03-18_Elat,30.375344860508324
15-03-18_En Gedi,25.357698717627244
15-03-18_Haifa,18.185677442870364
15-03-18_Jerusalem,19.283335434431343
15-03-18_Lod,21.320968708286333
15-03-18_Mizpe Ramon,22.612017818156666
15-03-18_Nazareth,18.62907125729258
15-03-18_Qazrin,19.080199889346957
15-03-18_Tel Aviv,19.89117486596553
15-03-18_Tiberias,22.642100146351297
15-03-18_Zefat,17.00757341957511
16-03-18_Afula,21.435852946663456
16-03-18_Ashdod,19.62534955940567
16-03-18_Beer Sheva,21.563532996524188
16-03-18_Bet Shean,24.052922034233625
16-03-18_Elat,27.773951905788277
16-03-18_En Gedi,24.962563556194315
16-03-18_Haifa,18.893779756874302
16-03-18_Jerusalem,17.152708567678378
16-03-18_Lod,20.423283985991418
16-03-18_Mizpe Ramon,19.866142539365267
16-03-18_Nazareth,17.963599146882633
16-03-18_Qazrin,18.428469490504238
16-03-18_Tel Aviv,19.70266126866413
16-03-18_Tiberias,21.855502382487188
16-03-18_Zefat,15.936167645432109
17-03-18_Afula,22.756689346673863
17-03-18_Ashdod,19.590506536223387
17-03-18_Beer Sheva,23.21284357130847
17-03-18_Bet Shean,25.0431133104044
17-03-18_Elat,27.00630221349281
17-03-18_En Gedi,24.241542318051696
17-03-18_Haifa,18.230098183803904
17-03-18_Jerusalem,18.07190867169134
17-03-18_Lod,21.410365567526206
17-03-18_Mizpe Ramon,20.056555196011175
17-03-18_Nazareth,18.846973893744902
17-03-18_Qazrin,18.914547587284666
17-03-18_Tel Aviv,20.197446373827034
17-03-18_Tiberias,23.156566163377455
17-03-18_Zefat,17.376193128095615
18-03-18_Afula,26.61010001572551
18-03-18_Ashdod,22.52437325641114
18-03-18_Beer Sheva,28.10311783426122
18-03-18_Bet Shean,29.38708151157859
18-03-18_Elat,30.322055328648908
18-03-18_En Gedi,27.483953520261732
18-03-18_Haifa,24.248623961308933
18-03-18_Jerusalem,22.63564274913081
18-03-18_Lod,25.756949432909348
18-03-18_Mizpe Ramon,24.358255390512504
18-03-18_Nazareth,22.795669562212918
18-03-18_Qazrin,23.90445418325701
18-03-18_Tel Aviv,24.34568822319658
18-03-18_Tiberias,26.90428936936004
18-03-18_Zefat,20.37326460318736
19-03-18_Afula,29.323890150942614
19-03-18_Ashdod,25.397193087833735
19-03-18_Beer Sheva,33.21196612105676
19-03-18_Bet Shean,31.834266131043755
19-03-18_Elat,31.839267309368513
19-03-18_En Gedi,29.037555479242272
19-03-18_Haifa,29.085085956926843
19-03-18_Jerusalem,26.760691969426325
19-03-18_Lod,31.277195353252253
19-03-18_Mizpe Ramon,29.309272352963074
19-03-18_Nazareth,28.307510827458163
19-03-18_Qazrin,27.91491188970533
19-03-18_Tel Aviv,29.132186801812562
19-03-18_Tiberias,30.441375887084654
19-03-18_Zefat,23.84843963489413
20-03-18_Afula,26.832772422511322
20-03-18_Ashdod,24.44960491229148
20-03-18_Beer Sheva,30.45048901100676
20-03-18_Bet Shean,31.082173034191186
20-03-18_Elat,32.638712041356385
20-03-18_En Gedi,28.959942316513146
20-03-18_Haifa,24.415566438166895
20-03-18_Jerusalem,25.332351863912645
20-03-18_Lod,28.174838273122738
20-03-18_Mizpe Ramon,27.163170330081115
20-03-18_Nazareth,24.059441572450027
20-03-18_Qazrin,26.03981623081423
20-03-18_Tel Aviv,27.164167910343878
20-03-18_Tiberias,28.38929515326512
20-03-18_Zefat,22.809343600985223
21-03-18_Afula,27.244587862755292
21-03-18_Ashdod,22.03788159444661
21-03-18_Beer Sheva,28.78716243477582
21-03-18_Bet Shean,30.741621381480666
21-03-18_Elat,31.971132589113868
21-03-18_En Gedi,28.43575601251822
21-03-18_Haifa,22.14845239902036
21-03-18_Jerusalem,23.86162045446561
21-03-18_Lod,26.143893035973917
21-03-18_Mizpe Ramon,26.03748111610215
21-03-18_Nazareth,23.515476415102384
21-03-18_Qazrin,24.444973596616816
21-03-18_Tel Aviv,24.56271073126824
21-03-18_Tiberias,27.58946488714621
21-03-18_Zefat,22.961392334492295
22-03-18_Afula,30.25860378921354
22-03-18_Ashdod,23.37106170154245
22-03-18_Beer Sheva,32.46221334034385
22-03-18_Bet Shean,32.626951557857765
22-03-18_Elat,34.14026431771289
22-03-18_En Gedi,31.22858431646309
22-03-18_Haifa,27.263040668571865
22-03-18_Jerusalem,26.773631661933567
22-03-18_Lod,30.204353465465072
22-03-18_Mizpe Ramon,27.50492776468364
22-03-18_Nazareth,27.56064468588314
22-03-18_Qazrin,27.980756694615646
22-03-18_Tel Aviv,28.542677471144195
22-03-18_Tiberias,29.936290905781753
22-03-18_Zefat,24.98481417910687
23-03-18_Afula,31.816232048834536
23-03-18_Ashdod,27.416215094010052
23-03-18_Beer Sheva,36.523108324019034
23-03-18_Bet Shean,33.54903629085392
23-03-18_Elat,34.54215047904065
23-03-18_En Gedi,32.42999224861293
23-03-18_Haifa,32.07333010194988
23-03-18_Jerusalem,29.958672948721635
23-03-18_Lod,35.190055972952266
23-03-18_Mizpe Ramon,31.849081598599252
23-03-18_Nazareth,29.735978087273008
23-03-18_Qazrin,30.72173945737757
23-03-18_Tel Aviv,34.36658684639791
23-03-18_Tiberias,32.39561143617426
23-03-18_Zefat,26.291377048518246
24-03-18_Afula,25.89488220975991
24-03-18_Ashdod,24.63991932812397
24-03-18_Beer Sheva,27.73710711015963
24-03-18_Bet Shean,27.786359923253837
24-03-18_Elat,32.161600574508924
24-03-18_En Gedi,28.64106790973756
24-03-18_Haifa,24.22104334314225
24-03-18_Jerusalem,23.490929539605233
24-03-18_Lod,27.18375062906093
24-03-18_Mizpe Ramon,25.311809337564636
24-03-18_Nazareth,23.743052830285
24-03-18_Qazrin,23.87949428227145
24-03-18_Tel Aviv,26.428290191872097
24-03-18_Tiberias,26.68327357887885
24-03-18_Zefat,21.748974304056958
25-03-18_Afula,23.299291586270634
25-03-18_Ashdod,19.4150104565325
25-03-18_Beer Sheva,23.376886184309228
25-03-18_Bet Shean,25.82551616722549
25-03-18_Elat,27.56020275972204
25-03-18_En Gedi,25.219543836072617
25-03-18_Haifa,19.581159857801385
25-03-18_Jerusalem,18.139808739330647
25-03-18_Lod,22.4118855932205
25-03-18_Mizpe Ramon,19.527403978152336
25-03-18_Nazareth,19.637339156556898
25-03-18_Qazrin,20.639179631656567
25-03-18_Tel Aviv,21.447622066491768
25-03-18_Tiberias,23.921978916332176
25-03-18_Zefat,17.941368067704147
26-03-18_Afula,28.833323172921656
26-03-18_Ashdod,21.135599994586766
26-03-18_Beer Sheva,28.75671488019507
26-03-18_Bet Shean,31.333545297350184
26-03-18_Elat,31.265260065483933
26-03-18_En Gedi,29.00080268041136
26-03-18_Haifa,21.17109015570765
26-03-18_Jerusalem,24.735488624341173
26-03-18_Lod,27.421066634708428
26-03-18_Mizpe Ramon,25.17136286206553
26-03-18_Nazareth,25.835335096214312
26-03-18_Qazrin,25.359213883393632
26-03-18_Tel Aviv,25.42495806738431
26-03-18_Tiberias,28.752192148400564
26-03-18_Zefat,22.53641855641446
27-03-18_Afula,29.935929706462932
27-03-18_Ashdod,21.390701274566474
27-03-18_Beer Sheva,29.53494414835633
27-03-18_Bet Shean,33.74819871372742
27-03-18_Elat,33.02237986632328
27-03-18_En Gedi,31.265197815350746
27-03-18_Haifa,22.632499845670146
27-03-18_Jerusalem,27.573172645443336
27-03-18_Lod,28.250230957610334
27-03-18_Mizpe Ramon,27.462344155143334
27-03-18_Nazareth,26.882530811858278
27-03-18_Qazrin,28.77815098147207
27-03-18_Tel Aviv,26.13947452621066
27-03-18_Tiberias,31.502444229539407
27-03-18_Zefat,25.804941657113098
28-03-18_Afula,29.228320990522676
28-03-18_Ashdod,25.72288884125674
28-03-18_Beer Sheva,32.13387050025837
28-03-18_Bet Shean,31.600779534437493
28-03-18_Elat,35.17438592509514
28-03-18_En Gedi,33.11800383560339
28-03-18_Haifa,25.099771773016393
28-03-18_Jerusalem,27.187837456343132
28-03-18_Lod,28.643997646459397
28-03-18_Mizpe Ramon,29.015376288913465
28-03-18_Nazareth,25.652938032782824
28-03-18_Qazrin,26.90699162986007
28-03-18_Tel Aviv,27.586868422095
28-03-18_Tiberias,28.883458433741495
28-03-18_Zefat,23.33700030524307
29-03-18_Afula,24.507550536080732
29-03-18_Ashdod,23.874388906350948
29-03-18_Beer Sheva,26.420902229377457
29-03-18_Bet Shean,25.895149313016326
29-03-18_Elat,29.31503472656791
29-03-18_En Gedi,29.460925286470044
29-03-18_Haifa,20.526490145042935
29-03-18_Jerusalem,21.04995691828324
29-03-18_Lod,25.590855872106204
29-03-18_Mizpe Ramon,21.960479054703846
29-03-18_Nazareth,21.12250733871002
29-03-18_Qazrin,21.5616703471531
29-03-18_Tel Aviv,24.231726186421184
29-03-18_Tiberias,24.766060642052647
29-03-18_Zefat,19.040953365716547
30-03-18_Afula,21.35468844591111
30-03-18_Ashdod,19.69640217950295
30-03-18_Beer Sheva,20.429008786359354
30-03-18_Bet Shean,23.414615355616817
30-03-18_Elat,26.21723871453423
30-03-18_En Gedi,25.617637403623124
30-03-18_Haifa,18.625977603322482
30-03-18_Jerusalem,14.571984557711234
30-03-18_Lod,19.507497936192838
30-03-18_Mizpe Ramon,17.32202633756425
30-03-18_Nazareth,17.410335097145516
30-03-18_Qazrin,17.546649755844804
30-03-18_Tel Aviv,18.615394523277615
30-03-18_Tiberias,22.09050224607047
30-03-18_Zefat,14.624790766530268
31-03-18_Afula,22.841596329747343
31-03-18_Ashdod,20.01453111844858
31-03-18_Beer Sheva,23.250790986591024
31-03-18_Bet Shean,25.33351778830737
31-03-18_Elat,26.317308586521506
31-03-18_En Gedi,25.910299040794886
31-03-18_Haifa,18.781732523815865
31-03-18_Jerusalem,17.1716368135226
31-03-18_Lod,21.646522043711357
31-03-18_Mizpe Ramon,19.781270648061422
31-03-18_Nazareth,18.697454657938152
31-03-18_Qazrin,18.48327454846705
31-03-18_Tel Aviv,19.879218779749777
31-03-18_Tiberias,22.780373283701422
31-03-18_Zefat,16.54665830855457
