Month,Day,1948,1949,1950,1951,1952,1953,1954,1955,1956,1957,1958,1959,1960,1961,1962,1963,1964,1965,1966,1967,1968,1969,1970,1971,1972,1973,1974,1975,1976,1977,1978,1979,1980,1981,1982,1983,1984,1985,1986,1987,1988,1989,1990,1991,1992,1993,1994,1995,1996,1997,1998,1999,2000,2001,2002,2003,2004,2005,2006,2007,2008,2009,2010,2011,2012,2013,2014,2015,2016,2017
Jan,1,7,3,7,7,1,3,10,9,8,9,1,9,14,16,8,10,1,14,1,1,3,3,8,3,17,9,3,7,1,1,14,7,7,7,3,11,17,1,7,8,9,3,10,1,11,7,16,8,9,3,1,9,3,7,10,7,1,1,3,9,16,8,7,17,16,16,1,1,11,1
Jan,2,7,3,14,15,17,7,8,1,3,9,14,3,14,17,8,15,3,10,14,9,7,7,7,3,1,9,3,16,1,1,16,7,15,1,3,11,1,16,16,17,9,17,18,1,11,1,14,7,3,3,1,9,3,17,16,15,16,11,1,10,1,1,16,3,1,1,2,8,9,17
Jan,3,14,1,10,8,9,7,8,1,8,2,17,7,15,9,10,8,3,16,10,17,10,1,1,3,17,9,3,15,8,11,13,14,9,14,1,3,9,10,8,10,2,17,16,15,17,1,16,7,16,8,2,3,17,8,11,17,16,17,3,3,15,3,10,9,1,9,1,17,15,1
Jan,4,14,3,15,9,9,14,3,1,8,1,16,7,7,3,17,8,3,10,7,8,10,3,7,3,1,3,1,15,7,11,16,11,1,8,17,3,1,7,3,7,3,9,14,8,9,3,11,1,14,3,3,3,16,17,7,15,16,16,18,7,8,1,11,1,1,1,1,17,7,1
Jan,5,17,3,15,12,10,8,9,1,14,17,17,15,1,1,1,10,3,10,14,8,10,15,1,3,1,3,1,8,15,11,1,1,14,7,11,1,3,10,9,14,1,9,11,3,10,3,9,3,14,3,8,1,14,1,16,16,8,11,3,11,8,7,8,8,1,14,1,16,10,3
Jan,6,10,3,11,16,17,1,17,3,14,17,17,10,1,1,1,8,17,8,16,1,11,14,8,3,9,3,17,8,11,11,7,15,17,16,10,9,7,7,9,17,8,9,1,3,17,2,3,3,15,3,10,1,15,1,11,3,14,9,1,17,8,7,9,1,10,14,9,14,7,9
Jan,7,8,9,3,11,1,16,16,1,18,17,1,11,14,1,9,8,16,8,15,9,8,17,8,2,3,3,17,1,1,1,7,10,9,10,16,9,16,7,9,16,1,1,1,9,1,14,1,15,10,1,17,1,16,9,14,3,14,1,17,17,9,17,2,8,16,14,1,14,16,1
Jan,8,3,3,1,8,17,10,10,9,2,1,7,8,15,1,15,7,16,14,10,7,7,16,1,2,17,9,16,1,3,1,16,11,1,7,15,3,10,7,10,7,9,16,1,1,9,14,2,1,1,7,9,17,1,8,11,9,11,3,8,9,8,9,8,8,16,14,3,17,14,14
Jan,9,3,1,11,9,11,1,3,7,8,7,16,8,8,1,15,1,16,11,15,17,16,1,3,1,9,1,17,16,3,3,16,11,1,7,17,9,8,7,7,7,3,16,1,8,3,17,3,9,3,8,1,10,17,8,17,3,15,3,15,1,3,1,2,9,15,12,3,11,8,16
Jan,10,3,3,8,3,17,15,16,16,8,1,11,1,9,1,1,15,1,17,8,8,8,8,1,16,1,8,9,15,1,18,15,17,9,16,17,9,3,15,9,17,3,13,1,1,3,17,2,3,9,7,8,16,1,8,11,3,1,8,1,9,3,1,7,9,7,11,1,10,1,7
Jan,11,3,1,11,3,17,14,15,7,3,17,3,1,7,8,8,8,1,14,8,8,7,7,8,17,3,10,9,17,17,3,17,7,1,11,10,3,3,8,17,3,16,17,9,2,1,1,1,16,9,3,11,8,1,1,1,3,7,9,1,3,3,1,1,1,16,3,15,1,1,9
Jan,12,8,7,17,1,16,15,14,8,1,10,7,8,7,9,1,10,1,11,8,7,16,15,8,16,18,14,1,9,14,3,3,7,9,1,3,1,7,1,17,3,17,9,3,3,1,8,3,10,17,3,11,8,1,1,1,7,12,9,15,1,3,9,9,3,15,9,17,9,1,1
Jan,13,1,7,11,3,10,7,9,10,1,7,2,7,16,1,7,7,3,17,10,7,14,11,7,17,14,11,16,9,17,3,9,7,17,3,8,3,14,9,15,3,9,9,3,3,15,8,2,10,17,3,1,3,3,3,1,1,14,3,17,7,9,9,15,3,17,1,3,9,1,8
Jan,14,8,15,8,16,9,3,1,10,1,1,9,1,3,1,1,10,8,16,7,10,14,8,16,17,17,14,14,9,8,1,3,9,17,3,11,17,8,2,15,3,1,9,1,9,17,9,1,7,3,1,1,9,3,7,9,8,14,1,16,3,9,3,16,17,10,3,3,16,17,3
Jan,15,10,16,1,1,17,16,17,7,17,7,10,8,18,9,9,10,15,14,8,11,11,7,17,17,15,11,17,1,7,1,3,16,1,7,9,10,1,8,17,3,17,13,17,10,17,8,14,1,12,11,8,9,9,16,1,11,1,1,1,3,9,3,15,17,7,9,9,17,8,1
Jan,16,1,14,17,16,11,15,9,1,1,8,8,8,8,7,8,10,8,14,7,14,17,7,8,17,14,11,14,3,16,17,14,9,9,15,9,7,17,9,16,3,17,1,1,15,17,9,14,11,1,11,8,1,17,1,1,9,7,7,1,1,3,3,3,9,8,7,3,16,7,3
Jan,17,7,14,9,7,17,7,3,1,8,3,8,7,1,15,3,8,11,3,3,11,15,7,7,7,17,9,14,17,14,9,15,9,16,16,3,14,14,7,1,3,17,9,17,17,17,9,8,15,14,8,16,17,1,1,9,1,8,9,9,8,9,17,9,12,8,1,1,1,16,3
Jan,18,10,15,9,7,16,1,1,8,1,14,17,14,9,8,3,9,11,1,10,17,3,1,1,3,3,10,10,9,14,14,16,16,1,15,1,11,17,16,15,2,17,10,9,1,15,1,9,15,11,1,1,15,16,1,1,1,1,16,15,8,3,17,13,1,1,1,9,9,14,1
Jan,19,7,17,7,14,7,16,16,3,3,11,7,11,15,17,3,8,9,11,10,11,18,14,16,3,18,3,16,3,8,14,7,17,1,7,3,10,9,10,11,3,3,17,3,3,15,9,3,1,15,3,7,15,14,17,1,7,1,14,10,8,3,17,14,8,8,16,8,9,15,9
Jan,20,15,11,1,16,7,3,14,3,8,17,16,17,8,11,17,1,1,16,7,11,1,14,17,3,7,1,14,3,1,17,14,8,1,16,2,8,1,1,8,1,3,1,1,17,17,1,9,9,3,1,9,9,14,1,17,1,1,7,11,14,9,17,16,3,8,7,3,3,1,1
Jan,21,3,10,15,10,10,1,17,7,8,1,1,1,17,1,8,14,1,7,7,9,17,14,14,1,1,17,14,1,15,17,8,17,1,16,3,16,3,8,1,1,1,9,11,15,9,3,7,3,17,9,3,3,17,1,17,1,9,1,8,11,3,2,10,9,10,7,3,3,1,8
Jan,22,7,16,11,14,8,14,8,1,8,1,8,1,11,3,9,10,1,1,7,3,8,14,14,8,14,8,11,3,10,1,7,17,9,7,1,16,8,8,9,17,1,1,17,8,9,1,17,3,17,17,7,3,16,1,11,9,16,11,7,9,3,3,7,3,11,15,15,9,1,3
Jan,23,17,7,15,11,1,14,1,1,8,9,7,9,8,3,9,14,1,15,10,3,14,14,15,7,8,3,11,1,14,9,10,8,17,1,1,12,3,3,9,11,16,1,8,1,9,9,17,3,15,3,8,1,1,17,9,9,14,14,16,3,17,16,8,3,1,10,8,3,17,9
Jan,24,8,16,17,1,7,17,16,10,1,9,10,3,9,7,3,11,16,16,16,1,14,15,15,18,3,18,15,8,10,9,1,10,17,15,9,11,1,3,2,8,16,9,3,17,9,1,17,1,1,9,15,9,7,15,9,3,16,17,3,3,1,16,17,1,17,7,7,3,11,18
Jan,25,8,12,9,9,8,17,3,8,3,14,1,8,1,1,3,14,17,1,16,9,17,14,11,1,14,3,10,3,3,7,17,7,10,9,1,1,7,3,9,11,17,1,3,17,3,17,17,8,9,9,8,1,8,17,9,3,16,7,16,2,9,7,11,1,16,15,7,9,17,15
Jan,26,3,14,11,3,3,3,10,8,16,3,17,7,1,8,14,14,8,15,11,16,7,11,1,1,15,1,1,1,3,2,15,9,10,16,9,1,14,3,17,11,8,3,18,11,3,7,10,17,3,17,9,3,11,9,3,2,14,7,8,3,17,15,1,8,16,16,18,1,11,17
Jan,27,17,16,11,1,1,1,5,9,14,1,14,1,9,10,8,10,8,8,7,17,1,17,17,1,3,15,8,17,7,1,10,3,7,15,1,11,11,2,1,8,15,9,1,9,3,7,7,1,1,9,7,14,11,3,3,1,17,7,1,7,17,7,9,15,11,8,1,9,1,11
Jan,28,1,15,10,10,3,9,17,3,14,3,15,1,9,8,14,16,8,8,14,17,15,14,10,17,9,14,1,8,16,1,8,1,15,7,8,1,8,1,9,8,8,1,8,3,18,8,1,15,1,3,11,10,11,3,17,14,3,7,8,14,16,7,16,7,11,16,15,15,9,11
Jan,29,7,15,14,1,9,3,16,9,14,18,15,16,8,9,15,7,9,8,1,11,17,11,7,15,9,7,3,16,10,9,3,3,8,3,10,1,1,3,1,16,8,9,9,1,12,8,16,15,1,1,11,7,1,3,8,14,9,7,9,8,14,14,3,14,16,17,7,1,10,9
Jan,30,16,14,10,9,1,8,8,1,17,11,11,16,8,9,16,1,7,8,14,10,15,15,10,9,1,16,17,16,8,1,7,3,1,16,1,1,1,16,9,7,7,9,7,14,11,1,14,1,3,17,8,7,3,2,9,8,9,14,1,17,11,16,2,14,18,14,8,10,3,1
Jan,31,7,14,7,2,9,1,7,1,17,11,11,15,8,1,9,8,16,3,15,11,11,15,17,8,3,11,17,16,11,3,9,3,9,11,14,1,8,14,9,3,8,1,3,17,14,17,14,1,18,17,1,7,3,7,8,7,16,15,3,1,11,14,15,17,14,11,9,10,1,11
Feb,1,3,16,11,15,3,1,7,8,7,14,3,11,1,17,1,8,1,10,17,9,11,9,7,3,1,9,1,12,1,9,9,16,9,15,14,7,3,14,8,3,14,1,1,11,17,11,17,3,17,1,9,7,1,1,3,7,17,14,7,9,1,15,8,17,11,11,1,9,17,8
Feb,2,1,16,17,10,18,10,7,7,16,12,1,9,14,17,18,1,16,10,11,9,11,3,8,16,1,9,9,14,1,2,14,8,1,15,14,3,9,14,7,16,11,9,17,16,16,17,1,1,9,15,7,1,1,3,9,16,8,8,18,16,9,9,1,17,9,10,12,7,9,8
Feb,3,1,7,11,10,15,7,15,1,16,3,1,9,11,7,15,3,14,1,11,17,17,3,7,14,17,3,1,15,16,7,10,10,1,1,17,17,1,14,16,17,10,9,9,11,12,17,9,1,1,11,1,8,3,11,9,14,16,16,11,14,9,9,11,7,9,3,1,10,9,9
Feb,4,10,2,11,12,14,15,8,15,10,8,8,1,16,7,16,7,14,14,8,17,9,3,10,14,17,15,3,9,15,14,7,3,16,1,11,15,9,11,18,8,1,9,1,9,11,17,3,17,17,11,2,1,3,17,9,17,13,14,15,14,9,7,11,17,9,3,8,8,3,3
Feb,5,1,14,11,11,16,14,9,14,2,9,8,9,8,1,8,7,11,8,10,1,9,3,1,3,16,8,3,8,15,14,7,9,1,17,11,16,3,11,14,9,9,9,8,3,16,9,9,14,16,1,2,11,17,8,9,10,17,11,7,14,9,7,11,9,9,18,17,3,16,1
Feb,6,10,14,11,11,9,17,3,14,15,8,8,9,9,1,16,7,17,16,17,9,7,7,3,18,11,2,7,17,10,14,16,1,9,7,3,17,18,8,8,3,3,1,13,9,14,1,8,16,15,9,16,7,11,1,3,7,8,17,1,14,3,1,9,9,2,14,1,9,14,9
Feb,7,15,11,9,17,2,16,15,8,15,3,9,1,1,16,16,1,14,11,1,8,1,14,8,14,11,3,9,17,16,16,14,16,3,16,3,9,15,1,7,17,1,1,13,1,11,16,7,14,18,9,17,16,1,1,1,16,9,17,3,9,1,10,7,1,16,7,1,15,17,18
Feb,8,8,11,9,7,2,16,10,2,16,1,3,9,1,17,14,3,8,14,8,9,9,11,8,17,17,1,7,14,15,11,1,16,1,17,1,9,14,8,3,17,1,3,16,8,11,17,14,17,16,9,9,8,1,9,9,17,3,11,14,3,17,7,16,9,8,7,3,15,9,16
Feb,9,14,17,3,16,14,16,15,14,14,3,3,9,1,10,9,1,11,17,10,16,8,8,10,8,9,8,3,14,14,10,14,14,1,8,10,1,7,8,10,14,1,3,17,1,11,11,15,10,16,1,9,15,9,1,3,17,3,9,14,1,9,16,17,8,8,1,3,15,3,1
Feb,10,14,17,9,1,16,14,14,15,8,1,3,9,9,16,9,16,8,7,10,16,8,3,8,17,3,9,16,11,11,10,8,17,1,8,16,3,7,1,10,8,7,17,17,3,11,17,3,8,14,1,17,3,3,8,1,17,1,1,8,9,3,14,7,17,8,9,3,16,1,1
Feb,11,16,8,17,8,14,8,14,10,3,15,1,9,7,3,1,14,18,1,7,15,1,9,7,17,3,3,11,8,17,8,9,10,8,9,3,9,16,9,10,3,9,17,16,9,15,17,14,3,15,9,1,3,1,3,14,7,8,17,10,3,17,17,2,8,3,10,9,14,8,1
Feb,12,16,8,10,17,11,7,1,10,7,7,1,8,1,1,8,11,17,15,1,10,10,10,8,11,18,9,14,1,17,8,9,7,8,10,12,7,16,9,3,2,3,11,15,9,15,1,16,8,3,17,17,9,1,3,12,18,7,17,3,1,17,16,7,17,3,9,3,14,3,9
Feb,13,14,8,10,9,8,7,12,1,7,8,8,17,3,11,1,8,17,15,15,10,16,8,8,8,10,16,17,7,9,3,7,7,16,9,17,7,8,16,16,3,1,17,16,9,1,17,14,3,1,1,15,1,14,9,17,16,14,1,15,17,8,7,3,17,1,3,3,14,3,17
Feb,14,16,11,8,3,8,3,17,8,2,10,8,17,3,14,16,10,8,11,8,11,14,7,1,15,16,8,10,16,3,7,7,16,14,7,14,8,9,14,11,9,7,16,14,2,9,11,8,1,17,1,17,3,15,14,9,8,14,7,17,10,11,16,2,10,3,16,16,15,7,17
Feb,15,16,11,3,10,7,7,11,10,18,8,8,17,7,15,8,14,10,10,16,8,17,7,8,7,1,10,7,10,8,1,16,10,8,16,9,10,1,14,17,15,16,16,16,7,9,3,15,17,1,1,8,8,1,15,17,8,11,7,17,11,9,14,7,15,15,14,13,16,9,8
Feb,16,14,11,9,8,10,7,10,10,8,8,17,11,9,11,10,8,1,10,15,17,8,2,7,7,15,7,16,7,8,3,16,9,17,11,1,17,9,17,17,15,11,3,14,15,3,9,8,9,1,7,9,7,11,16,1,9,15,7,11,15,1,15,17,11,15,17,8,1,8,11
Feb,17,14,8,8,10,10,8,7,1,10,3,8,8,17,8,14,10,16,10,8,15,7,19,16,7,11,16,1,3,9,1,14,3,17,14,1,14,9,11,17,10,14,1,15,8,1,3,9,1,18,3,3,16,8,17,9,3,3,3,1,1,14,8,9,8,14,10,9,17,3,9
Feb,18,16,1,9,14,15,14,1,9,9,1,3,15,8,17,11,7,8,8,8,17,16,11,11,1,11,10,9,2,9,8,16,2,10,7,9,14,9,8,7,10,17,17,11,3,16,1,9,8,1,1,17,10,7,9,9,15,1,7,3,1,14,3,15,7,11,8,8,17,3,9
Feb,19,8,9,3,11,15,15,1,8,18,1,7,11,8,9,14,15,10,1,1,1,16,8,1,17,8,1,8,1,1,1,9,10,9,16,3,14,1,14,3,17,1,17,8,1,15,1,2,3,9,1,3,10,15,7,8,15,17,15,2,9,11,16,6,16,17,8,8,14,17,9
Feb,20,7,1,2,10,18,11,15,8,15,1,7,11,3,9,11,8,7,8,1,16,14,8,1,16,9,10,7,18,9,9,7,8,9,8,17,17,1,11,7,8,7,3,1,10,11,15,9,1,8,14,3,11,9,14,8,14,9,15,1,3,9,15,10,14,9,15,3,14,15,3
Feb,21,15,1,11,8,8,9,7,8,8,8,8,8,11,9,11,16,1,10,8,8,17,8,17,14,9,19,8,14,1,1,11,10,16,9,17,11,9,8,1,3,10,3,9,9,18,7,17,17,9,14,9,3,1,17,9,17,17,10,9,3,10,11,16,10,3,7,1,17,15,1
Feb,22,7,1,10,8,11,8,7,11,8,1,8,10,10,3,14,10,15,11,8,14,9,7,16,14,9,11,8,15,1,1,11,8,1,3,7,9,9,1,1,3,14,8,3,2,14,7,14,17,3,12,9,3,15,16,15,11,11,3,9,1,9,17,5,9,9,16,17,3,11,1
Feb,23,1,17,14,10,8,11,1,8,8,8,10,14,1,1,7,10,11,8,8,11,1,8,17,14,9,17,1,1,17,9,17,10,3,18,17,1,3,9,9,9,17,1,8,1,14,7,14,9,7,11,3,9,8,8,2,3,3,9,3,1,3,3,8,3,9,10,1,7,9,7
Feb,24,7,8,8,1,17,11,17,3,8,1,8,11,1,1,10,1,8,10,7,8,1,10,16,8,1,16,18,1,17,8,9,1,1,14,9,17,9,18,17,16,17,9,17,1,14,3,15,7,17,11,17,7,1,7,14,14,9,1,7,16,1,1,10,7,17,9,3,1,3,8
Feb,25,15,17,17,8,8,8,8,10,1,15,8,11,8,8,8,11,17,7,1,8,9,10,14,7,9,14,16,15,17,3,8,1,14,17,10,11,1,11,8,11,7,3,9,16,12,7,8,9,8,1,8,1,8,7,14,11,1,1,15,14,11,7,1,15,1,3,10,1,7,3
Feb,26,17,11,8,8,17,1,11,7,2,14,3,17,8,17,1,9,10,11,17,9,8,15,8,14,3,7,8,8,17,7,7,3,3,8,2,11,1,11,8,17,7,7,10,8,17,1,15,8,8,8,1,1,3,9,8,11,9,3,15,17,8,14,11,15,1,3,10,3,3,1
Feb,27,8,11,7,10,8,11,8,1,1,8,9,17,1,8,8,1,9,10,17,3,7,8,7,14,2,7,15,14,17,7,9,17,15,7,15,17,3,8,1,17,7,7,10,17,17,8,17,9,15,10,1,1,11,7,3,17,9,15,8,8,9,14,16,3,14,1,8,7,1,3
Feb,28,8,17,7,1,10,14,1,1,15,3,1,8,17,11,8,10,15,10,17,1,2,8,16,14,17,14,14,14,8,15,7,9,15,17,15,10,3,9,17,17,1,15,16,8,8,1,8,3,10,3,17,9,1,1,3,9,7,10,9,1,3,14,11,17,14,8,1,10,8,2
Feb,29,9,,,,15,,,,11,,,,5,,,,17,,,,16,,,,10,,,,8,,,,15,,,,10,,,,17,,,,1,,,,18,,,,3,,,,7,,,,1,,,,14,,,,3,
Mar,1,3,7,1,8,11,14,9,18,14,2,16,17,15,1,10,8,16,11,8,8,14,7,14,10,8,8,14,14,8,16,1,1,14,17,15,8,7,9,8,1,10,8,14,10,1,1,9,1,15,3,17,8,17,16,3,3,1,8,17,8,1,11,8,1,14,10,1,10,7,17
Mar,2,9,2,1,8,14,11,3,8,11,16,8,17,8,8,7,8,14,8,8,7,14,15,14,9,10,15,14,15,3,14,1,8,14,17,14,1,9,9,3,10,15,3,10,8,9,15,8,3,14,1,8,10,10,17,1,12,1,8,8,10,10,10,7,9,11,10,14,8,2,3
Mar,3,9,14,1,10,11,17,3,11,14,15,8,8,16,9,7,15,8,8,2,1,8,1,14,1,2,11,17,10,1,11,2,9,17,10,9,16,14,9,1,1,16,16,8,1,8,10,10,3,10,17,9,14,3,9,3,13,9,11,10,8,8,10,11,8,10,16,18,8,15,17
Mar,4,17,10,18,10,8,17,9,15,8,15,8,17,10,1,3,14,9,9,2,14,3,9,7,8,15,9,9,3,1,17,17,9,8,9,7,14,1,9,7,16,11,10,17,18,17,15,8,7,8,17,1,8,8,8,3,17,18,8,1,10,8,7,10,1,17,11,10,8,10,8
Mar,5,17,10,1,9,9,17,17,15,10,15,9,8,15,9,1,11,16,1,8,11,8,10,7,8,15,1,1,3,17,15,17,1,8,7,3,12,1,9,17,14,9,7,1,11,8,15,16,3,16,14,3,3,8,1,1,1,14,7,15,17,3,7,16,9,1,8,7,9,10,9
Mar,6,17,8,15,3,1,14,17,15,8,14,10,8,14,1,1,11,15,10,9,14,10,8,3,8,8,17,1,8,10,8,10,2,9,3,1,17,18,9,1,8,1,1,17,11,8,18,14,16,14,17,8,3,17,1,3,14,17,7,9,8,3,7,10,16,15,9,10,3,1,1
Mar,7,1,10,11,3,9,11,10,10,15,17,18,9,11,8,19,9,8,15,1,8,10,15,9,8,1,11,3,9,9,15,9,15,2,1,10,9,15,9,9,14,19,17,8,8,1,14,17,10,14,8,17,3,11,1,3,8,8,10,18,9,9,18,9,15,1,3,3,7,1,1
Mar,8,17,10,11,1,14,17,10,7,11,10,14,9,8,8,15,9,9,10,8,9,17,15,18,10,8,9,3,3,2,9,7,14,17,3,16,8,9,9,1,17,1,8,9,17,1,16,17,7,17,1,8,1,11,17,3,3,9,14,16,17,3,16,7,14,1,12,3,1,1,7
Mar,9,17,14,11,8,15,3,16,18,10,1,8,8,19,8,15,8,8,15,9,3,15,8,15,7,8,3,1,7,1,1,2,8,10,3,11,8,18,9,17,16,14,8,9,8,9,8,17,1,10,1,7,8,3,17,4,17,9,15,17,1,15,15,2,14,3,17,15,1,19,2
Mar,10,1,11,17,10,11,18,8,15,10,17,8,1,17,9,11,8,10,8,19,1,15,17,14,15,8,3,9,8,9,17,14,8,1,1,17,3,15,3,10,11,14,8,3,3,9,8,17,9,8,1,7,8,15,8,3,1,8,11,8,9,17,10,9,11,9,15,15,3,8,1
Mar,11,8,11,8,4,14,15,8,15,8,17,8,1,11,1,10,8,15,8,15,1,10,8,14,11,15,1,9,8,7,8,15,8,1,15,8,8,11,1,1,17,11,10,17,1,3,11,11,8,8,3,16,1,8,3,3,1,10,8,3,17,1,1,7,8,9,7,10,3,1,16
Mar,12,8,17,8,8,15,11,1,11,8,11,3,16,8,8,1,8,14,8,15,8,16,8,8,11,15,16,3,8,14,8,15,3,11,10,9,1,8,1,1,17,1,1,16,16,3,8,14,8,10,9,8,1,8,1,1,11,8,8,1,5,10,1,10,9,1,2,17,15,9,14
Mar,13,17,10,8,8,10,8,1,17,3,14,15,8,17,15,17,9,11,9,8,8,15,8,8,14,17,1,1,8,15,9,14,10,10,16,16,17,14,1,9,14,17,14,17,15,17,9,17,8,10,1,8,10,8,1,17,17,8,1,16,11,11,15,10,9,16,5,11,7,18,10
Mar,14,11,1,10,8,18,15,8,14,15,14,8,1,10,10,1,15,3,9,7,8,11,8,8,11,16,2,2,3,8,1,11,9,1,10,7,16,15,1,1,17,9,14,9,10,17,17,8,7,1,17,8,10,9,1,8,10,8,1,16,14,11,11,19,8,14,9,17,9,14,10
Mar,15,14,9,8,8,14,8,9,15,15,17,10,3,8,11,18,14,15,1,7,10,9,10,7,10,17,8,8,1,7,1,9,9,1,10,7,17,15,1,1,8,8,14,9,9,8,1,8,15,1,15,18,17,1,10,10,3,9,8,8,14,8,8,5,9,11,19,10,15,11,17
Mar,16,11,12,8,8,15,9,1,15,11,8,7,8,8,8,15,11,10,3,8,10,8,16,1,7,14,8,10,17,15,1,3,1,1,8,15,17,1,1,1,16,3,15,9,9,1,1,8,14,8,14,14,8,3,10,1,1,9,9,1,17,3,8,5,8,11,15,16,8,8,8
Mar,17,8,17,8,3,11,3,15,14,5,10,8,8,9,8,10,17,1,1,15,15,8,18,14,14,8,8,16,15,10,17,8,2,14,3,8,9,11,8,1,11,3,10,9,1,3,1,7,10,15,14,14,7,1,3,17,1,1,1,1,17,1,9,8,3,9,17,15,1,8,1
Mar,18,14,10,8,1,8,11,11,10,8,8,8,8,1,3,10,9,15,15,1,10,8,15,14,10,10,7,17,17,3,14,8,15,11,9,8,3,15,8,1,10,10,8,9,17,16,17,1,10,11,14,14,1,15,3,10,14,8,1,10,10,8,1,8,7,9,8,8,1,8,17
Mar,19,8,8,8,1,10,14,1,10,3,8,8,1,1,1,15,1,15,8,14,1,8,14,11,8,18,1,8,10,14,10,3,1,10,14,8,9,10,10,8,8,15,8,1,1,17,10,1,8,8,11,17,15,7,3,15,14,8,10,17,10,8,10,1,1,3,1,1,17,7,15
Mar,20,7,10,17,10,18,11,1,10,5,1,8,1,3,8,5,16,15,9,11,10,17,15,10,8,17,10,17,7,14,1,15,7,17,14,10,14,9,10,8,1,14,10,1,1,17,8,1,8,15,7,17,15,1,3,15,17,8,10,10,19,8,1,9,1,3,1,15,8,17,17
Mar,21,17,18,15,15,14,11,19,9,8,19,16,1,15,8,9,10,8,8,11,14,8,15,16,9,11,11,1,8,10,1,10,9,10,8,10,14,9,10,9,1,8,17,1,15,17,8,8,1,15,2,7,14,1,8,11,15,8,10,15,9,8,1,8,8,1,9,1,15,8,10
Mar,22,17,19,8,8,15,11,2,8,11,17,8,17,15,7,18,7,9,15,17,14,9,14,14,1,8,11,1,18,1,3,7,8,1,8,10,17,18,18,19,1,8,1,1,17,17,8,1,8,15,15,8,8,15,8,5,15,3,10,10,7,15,10,1,8,8,14,1,8,8,1
Mar,23,11,15,17,1,1,11,15,8,5,17,14,8,15,7,15,1,8,11,8,15,3,11,8,2,8,8,8,19,1,1,14,8,1,15,17,8,19,15,8,1,8,1,1,11,17,8,8,15,15,15,11,10,14,15,16,8,3,8,9,2,9,15,1,8,1,11,3,7,7,17
Mar,24,8,15,15,17,17,17,11,17,9,17,8,8,17,17,8,8,15,8,7,17,1,7,8,2,17,9,10,8,1,3,11,15,19,8,14,8,8,11,8,16,7,18,8,17,7,3,1,14,14,15,8,7,11,17,16,14,1,8,16,10,8,15,1,17,1,8,3,1,16,8
Mar,25,17,17,14,15,8,9,8,17,17,5,9,17,8,11,10,5,15,8,8,14,1,8,8,15,8,9,8,8,1,1,7,8,8,1,17,10,15,10,8,15,15,8,8,10,3,1,1,11,11,17,9,11,8,5,15,11,1,1,15,10,8,10,1,8,3,7,3,9,8,8
Mar,26,8,17,14,10,10,9,10,11,10,5,9,8,9,9,4,5,11,17,8,14,1,18,1,15,10,1,10,15,1,5,1,11,19,11,17,1,8,9,8,14,11,10,8,10,1,1,1,8,17,10,7,8,1,8,14,11,1,3,10,8,5,1,8,8,15,2,10,9,3,8
Mar,27,18,1,8,16,1,7,10,15,3,3,2,8,9,7,11,10,1,15,11,14,1,14,1,15,3,10,10,11,1,2,10,8,14,14,17,2,10,19,3,8,10,17,8,3,9,7,7,10,17,18,16,7,3,8,14,8,1,1,10,8,10,14,17,8,17,6,10,1,15,15
Mar,28,14,2,11,17,1,1,9,8,17,1,8,10,1,15,5,1,9,10,8,17,1,10,8,7,2,9,19,1,1,17,7,10,10,10,8,1,3,15,1,10,7,17,8,3,15,1,7,7,7,15,14,7,1,3,17,1,1,7,17,8,10,11,8,15,15,10,3,8,11,1
Mar,29,4,14,11,5,1,1,1,8,11,18,8,17,17,15,10,15,8,7,8,8,17,15,7,9,8,19,17,3,9,10,16,9,10,10,3,1,3,10,3,1,8,8,10,1,8,15,15,8,7,10,14,1,1,4,17,1,8,8,8,9,2,8,10,8,17,1,4,15,8,9
Mar,30,11,15,10,5,8,1,19,8,11,16,8,5,19,14,5,15,8,8,8,8,15,8,2,14,8,8,5,10,2,8,15,9,10,8,7,1,1,10,11,9,8,8,10,17,15,1,17,10,8,7,11,17,8,10,18,1,5,8,8,7,11,10,8,1,10,3,5,15,1,3
Mar,31,8,15,7,8,8,19,10,1,9,15,9,8,15,11,8,10,8,15,8,8,8,14,17,10,1,8,10,8,8,8,10,4,9,8,7,9,8,3,15,1,1,15,10,10,15,3,17,7,8,1,17,15,9,18,18,1,5,19,3,2,15,10,9,7,8,9,10,10,9,3
Apr,1,8,15,1,8,8,16,17,1,7,15,15,9,8,8,8,1,10,11,17,8,8,11,8,5,1,9,10,3,5,9,1,9,19,10,1,18,8,15,17,17,1,1,11,1,10,8,17,3,10,15,7,15,1,1,16,7,9,14,17,11,8,3,10,1,19,16,17,15,8,17
Apr,2,8,8,19,8,8,14,11,19,1,15,8,19,9,3,8,8,8,11,8,8,8,10,10,10,8,3,15,3,10,9,19,19,15,1,9,8,1,15,17,10,1,3,11,16,9,8,10,11,8,8,3,10,1,1,11,18,17,11,11,8,10,1,10,8,5,10,15,8,1,8
Apr,3,1,8,18,18,8,17,15,19,17,5,8,3,15,1,15,8,8,11,9,15,8,1,10,2,15,8,15,7,10,19,8,8,14,17,7,10,1,15,10,8,1,1,17,15,1,1,9,17,9,15,10,15,1,1,15,1,5,11,17,15,16,3,1,15,9,9,15,15,1,8
Apr,4,17,8,8,9,9,15,11,8,11,10,8,8,10,17,5,15,10,11,1,11,7,8,15,11,5,8,15,3,15,17,18,8,8,8,15,1,1,1,7,8,1,8,7,6,1,1,1,9,1,15,8,9,8,8,10,19,8,11,15,10,8,8,4,15,3,11,10,5,1,3
Apr,5,5,11,8,19,18,8,11,8,16,1,10,15,10,17,8,8,6,8,2,10,1,8,8,8,9,9,15,3,15,11,10,1,1,11,8,7,1,1,9,8,1,8,10,8,8,8,9,3,3,14,8,3,9,8,8,10,1,9,17,7,9,10,1,15,3,5,7,3,3,3
Apr,6,8,11,8,6,8,8,15,8,16,15,1,5,1,5,10,10,19,8,8,1,1,15,8,8,1,8,10,3,17,15,8,1,9,18,17,19,10,8,19,1,3,10,10,10,8,15,8,3,8,14,3,17,15,10,15,4,1,1,8,1,16,17,8,15,1,8,1,1,8,3
Apr,7,7,8,15,10,8,8,8,15,8,15,4,8,1,5,8,8,11,8,15,8,8,10,8,8,19,15,18,3,8,5,8,1,19,17,1,15,8,8,19,7,1,8,8,1,1,17,8,3,10,15,1,14,6,17,5,8,1,9,8,17,8,8,6,17,19,8,8,10,1,10
Apr,8,9,8,15,5,17,1,5,15,8,8,8,7,15,15,8,5,5,8,11,8,1,10,1,8,19,11,15,1,7,8,9,8,8,8,10,15,15,8,17,1,3,1,7,17,15,10,8,1,17,14,1,8,15,8,8,8,1,19,7,5,8,15,8,14,19,14,6,2,9,10
Apr,9,19,8,14,8,11,8,18,11,8,8,3,3,5,5,8,10,11,10,10,1,1,10,7,1,17,8,14,8,2,8,6,6,19,8,9,15,15,8,8,17,3,10,8,11,8,10,8,15,10,11,3,8,11,8,1,8,1,17,2,5,10,8,10,10,8,10,15,15,19,8
Apr,10,8,8,1,8,8,8,15,8,15,8,6,1,5,9,8,15,11,1,8,1,1,17,4,1,15,1,14,1,8,9,6,10,4,1,17,8,14,8,10,8,1,4,9,14,9,17,3,10,10,11,3,8,10,8,4,8,3,10,1,17,17,1,10,14,15,8,10,17,8,1
Apr,11,10,15,11,8,8,8,5,10,8,8,5,3,10,19,9,15,5,15,8,1,8,11,18,18,15,1,10,8,8,19,8,19,15,17,8,8,10,8,6,10,3,3,15,17,18,8,1,10,17,9,3,3,1,10,1,1,4,3,8,15,1,10,2,14,15,8,7,17,17,1
Apr,12,10,11,8,1,8,8,5,3,1,3,8,8,9,4,1,8,19,11,6,4,8,11,9,15,18,8,7,8,10,15,1,19,17,10,8,10,7,8,18,15,1,4,8,8,8,8,1,1,15,7,1,17,2,10,10,1,1,9,8,17,1,8,4,11,8,1,1,11,15,2
Apr,13,15,14,17,1,11,15,15,1,1,4,9,8,9,5,1,8,10,8,6,1,9,8,15,15,10,8,8,8,8,14,1,4,8,1,1,1,2,8,10,6,1,10,8,7,10,8,1,19,11,9,10,10,15,10,9,8,1,8,3,1,10,9,10,10,10,8,1,8,17,16
Apr,14,8,10,8,1,11,15,14,10,1,18,10,11,18,5,8,4,8,8,9,8,9,10,15,14,19,10,8,8,1,16,8,11,15,1,1,3,8,6,19,8,8,6,15,1,5,8,8,8,8,17,10,7,8,15,9,15,10,8,19,14,9,19,1,7,9,15,10,1,10,15
Apr,15,17,11,8,3,14,9,10,8,1,9,8,10,9,1,5,10,8,9,15,8,10,8,8,14,8,8,19,8,18,10,19,10,11,17,1,8,15,1,17,1,8,3,8,17,8,8,1,10,7,8,18,10,8,1,10,11,6,10,15,17,5,6,9,3,3,15,2,1,8,8
Apr,16,10,8,4,8,1,1,14,8,17,10,8,1,19,1,5,5,11,1,6,6,4,14,8,14,8,10,8,1,14,7,8,1,8,17,1,8,14,9,8,16,2,5,8,6,8,8,1,10,3,8,3,8,1,8,8,5,11,10,11,10,6,11,8,3,8,14,3,8,8,3
Apr,17,10,15,8,17,10,8,10,8,17,10,5,1,8,1,3,5,5,10,8,10,15,11,10,14,1,10,8,19,17,8,6,1,3,8,10,11,10,3,3,10,11,8,10,8,8,10,8,8,15,10,15,10,19,8,8,3,10,10,15,19,8,15,8,18,9,14,8,15,8,8
Apr,18,8,15,3,1,19,15,8,15,8,6,9,8,8,8,17,8,15,15,8,4,17,10,15,8,10,11,8,15,11,8,5,15,1,10,4,17,2,8,8,10,9,1,9,1,10,15,9,15,15,8,8,9,19,2,8,18,19,19,8,17,8,10,8,10,14,15,8,8,4,10
Apr,19,8,14,19,17,15,17,8,15,8,15,6,10,8,3,17,19,15,10,4,10,15,8,11,10,9,18,6,15,8,10,10,8,18,7,8,10,8,8,1,8,10,1,1,9,1,15,19,15,10,1,8,8,14,8,15,15,15,5,8,6,4,1,8,15,8,15,1,8,3,10
Apr,20,17,14,19,5,15,5,8,10,8,10,5,8,8,8,5,10,17,10,5,17,14,15,8,1,8,15,8,15,15,1,8,8,19,1,10,1,10,10,9,1,15,3,8,1,10,5,19,1,17,9,6,8,15,9,15,11,10,1,1,1,8,1,8,10,8,14,1,8,1,10
Apr,21,6,10,4,6,17,8,9,17,5,17,11,8,8,1,17,10,11,8,5,15,16,1,8,1,8,15,19,15,10,8,10,8,5,8,19,1,15,17,8,1,15,1,6,8,6,8,5,1,11,19,15,8,15,9,10,15,17,9,6,9,9,4,4,17,8,15,8,6,5,3
Apr,22,5,1,1,10,5,8,6,9,5,17,8,19,8,8,5,15,5,10,8,8,15,1,8,8,8,8,4,17,16,19,6,15,8,18,8,1,15,11,8,3,10,1,1,18,8,4,19,1,10,9,15,8,10,19,10,10,15,19,10,9,8,8,5,11,8,15,8,17,4,19
Apr,23,5,8,8,15,5,8,8,9,8,9,8,6,19,8,9,15,10,9,8,19,11,1,10,11,8,8,11,10,10,15,16,8,10,9,8,10,15,15,8,8,8,8,3,19,8,1,15,1,17,10,15,1,8,8,9,7,15,1,15,17,10,6,8,8,1,1,9,11,1,17
Apr,24,8,8,8,15,5,8,8,19,10,9,9,8,14,9,9,15,8,8,1,15,17,1,1,17,8,1,8,9,8,11,17,15,4,15,10,1,15,19,1,17,8,8,3,6,15,8,8,8,8,3,10,1,8,8,17,2,15,8,14,5,15,8,9,8,8,1,19,8,19,8
Apr,25,19,8,8,17,8,8,5,5,6,19,18,8,8,8,4,10,8,10,19,15,17,10,1,8,10,5,1,15,9,8,6,15,8,8,17,8,10,17,1,17,10,8,3,8,8,10,5,5,1,8,19,1,8,8,8,15,1,8,11,1,3,8,1,8,8,4,5,3,8,1
Apr,26,17,10,8,6,18,17,5,10,5,5,4,1,8,3,5,10,8,10,8,8,8,17,19,3,8,10,15,15,1,3,8,3,8,4,17,8,10,8,1,1,10,8,8,8,8,15,8,8,1,15,15,1,8,1,1,15,19,10,5,3,8,15,1,10,8,1,6,3,19,1
Apr,27,14,8,5,8,15,8,8,11,9,10,8,19,5,8,15,4,15,6,6,10,8,8,8,1,8,10,8,10,19,3,10,1,1,8,15,10,15,8,1,8,9,1,15,8,8,15,8,10,3,6,14,8,1,1,8,17,16,8,10,1,10,1,3,1,1,3,8,3,8,1
Apr,28,14,4,3,8,5,8,1,5,5,8,8,8,8,10,15,5,11,6,10,8,10,8,8,8,19,8,5,8,15,17,8,19,17,8,1,1,6,8,9,1,4,1,17,9,1,10,17,5,1,15,8,8,8,1,8,8,8,8,9,8,4,8,17,19,1,3,10,1,5,1
Apr,29,11,1,8,8,17,8,1,8,5,17,5,8,8,5,10,15,17,8,19,5,8,4,8,8,16,8,8,4,10,17,6,19,5,5,8,3,8,10,19,16,8,10,17,9,8,8,11,1,15,10,10,8,15,9,8,1,8,8,5,4,8,8,8,17,1,3,8,8,1,8
Apr,30,17,8,17,1,8,8,1,17,8,5,8,8,9,10,19,15,8,8,15,8,1,8,8,8,14,8,10,8,1,15,1,3,8,5,8,8,5,15,5,14,4,5,17,15,8,3,6,1,8,8,8,1,10,19,8,1,10,14,8,5,8,4,15,15,1,4,10,15,10,8
May,1,10,8,5,5,8,8,1,14,8,8,8,1,9,9,8,15,8,5,10,8,8,10,4,1,16,8,19,8,8,1,1,4,9,5,8,8,9,4,8,10,5,15,6,15,17,15,8,5,10,8,9,1,1,16,8,1,9,4,9,7,10,8,17,8,4,1,8,15,5,8
May,2,1,8,8,5,8,5,4,15,8,19,10,8,9,5,9,10,10,11,17,3,1,15,8,1,10,5,8,8,1,1,3,15,19,7,1,8,18,5,15,8,6,8,15,15,17,15,8,4,5,1,18,8,1,11,17,1,17,17,8,10,8,9,5,10,5,1,8,8,8,8
May,3,17,5,19,5,5,5,5,15,15,8,1,4,3,8,19,8,5,8,14,8,8,15,10,1,8,5,8,8,1,15,1,5,4,1,8,8,5,8,11,1,1,18,8,8,10,10,17,8,15,14,3,8,19,4,5,3,8,6,5,19,8,18,8,8,5,8,10,8,8,8
May,4,8,4,1,8,17,9,8,15,15,8,8,8,3,4,17,8,8,8,5,1,4,15,15,1,15,8,10,5,10,8,15,4,10,8,8,5,8,8,15,1,1,4,17,8,5,17,15,15,8,17,3,8,5,8,8,3,6,11,3,5,8,15,8,10,8,8,9,5,10,8
May,5,8,8,10,8,17,19,8,5,15,17,8,8,18,10,5,10,8,15,5,10,1,8,8,4,6,4,8,5,8,15,5,8,8,8,1,8,5,8,8,9,4,6,17,8,17,17,6,8,1,8,19,18,15,9,4,8,8,5,15,1,8,14,8,8,8,8,1,8,10,8
May,6,10,8,8,8,5,6,8,5,8,6,8,4,18,15,10,10,10,6,8,10,4,5,10,1,6,4,8,6,8,17,5,8,9,10,17,8,10,9,8,9,8,6,1,8,9,15,8,15,1,1,8,5,10,19,8,4,19,8,9,3,17,10,8,4,8,8,8,4,4,8
May,7,8,8,4,6,8,5,8,4,5,8,5,8,4,15,15,8,15,10,8,8,8,5,9,5,9,4,8,8,8,8,5,1,5,4,1,8,3,9,17,3,8,8,1,10,19,10,8,17,8,1,8,4,8,15,8,8,4,19,4,19,8,10,8,5,4,8,1,8,8,6
May,8,8,8,5,8,8,8,8,1,4,15,8,6,4,15,15,8,15,10,8,8,8,10,8,4,17,4,8,8,4,1,1,4,10,8,4,6,4,3,5,5,5,8,1,1,15,19,4,8,19,4,1,15,8,14,8,3,8,4,8,4,15,1,4,8,1,4,15,5,1,10
May,9,15,9,5,8,8,9,1,8,8,8,8,10,18,8,5,8,15,8,8,1,8,8,5,5,5,4,10,8,8,8,8,1,4,5,1,1,8,10,6,6,8,8,10,8,15,8,10,8,5,8,4,10,1,15,8,3,9,1,8,8,6,8,19,8,1,8,10,5,8,9
May,10,15,1,8,9,8,4,9,5,8,8,5,8,15,8,5,10,14,15,8,8,8,10,8,5,5,4,19,8,8,9,15,1,8,8,3,9,8,19,8,6,9,8,15,8,15,8,10,8,5,8,8,8,1,15,19,3,15,1,1,19,8,8,5,8,1,8,10,5,8,15
May,11,6,15,5,8,4,4,15,8,8,1,8,8,15,1,8,10,8,8,8,3,8,1,8,5,8,8,15,8,8,3,8,1,8,8,3,5,9,8,10,8,4,8,15,8,4,17,8,1,8,8,5,8,8,8,8,3,4,8,1,17,10,8,4,9,8,4,8,19,8,15
May,12,1,15,15,8,3,8,6,5,10,4,4,8,8,8,8,9,8,8,8,17,1,1,9,4,5,15,8,15,8,8,10,1,19,9,3,8,9,1,11,1,8,4,5,10,8,15,6,1,3,4,15,8,15,18,5,1,5,8,8,8,8,1,8,14,8,4,8,5,8,8
May,13,1,8,4,8,4,8,8,5,8,10,1,4,8,18,8,4,6,8,5,17,1,4,8,9,8,8,1,8,8,8,4,8,15,15,4,4,3,1,15,1,8,4,5,8,1,10,6,8,6,4,15,5,6,15,8,3,10,8,8,5,4,1,8,15,5,15,8,4,10,8
May,14,1,8,14,8,5,9,6,17,1,8,8,4,4,4,8,8,15,8,5,3,5,5,15,19,8,19,8,19,17,8,8,8,17,6,4,4,5,8,17,8,3,4,4,8,4,2,8,4,10,4,15,8,8,8,4,4,6,5,8,8,9,8,8,15,8,15,8,10,8,4
May,15,8,8,8,6,5,15,8,8,8,8,8,8,8,5,1,10,15,6,5,1,8,4,5,4,8,4,8,10,5,1,8,8,3,5,10,4,8,8,6,1,9,4,8,19,15,19,4,8,15,4,15,8,5,8,6,10,5,5,8,4,4,1,10,1,8,8,10,8,8,
May,16,8,8,8,9,4,4,8,8,8,8,8,8,8,8,4,8,8,8,5,5,8,3,8,4,8,15,8,10,1,10,8,6,3,5,1,17,8,8,8,8,1,4,5,6,5,5,8,8,8,4,9,8,8,1,8,4,5,8,17,8,15,8,4,1,8,10,8,3,3,
May,17,8,8,18,18,8,3,1,8,8,4,4,5,4,8,5,8,8,8,10,6,8,1,10,8,4,10,8,15,4,8,8,8,4,19,8,4,8,8,15,4,5,4,4,8,14,3,3,15,8,8,10,8,4,1,1,4,10,1,6,8,8,18,5,3,19,8,8,3,5,
May,18,3,15,19,6,8,6,8,8,6,6,4,5,1,4,4,8,8,8,4,8,19,6,10,8,4,8,8,8,19,8,8,10,8,8,6,1,8,8,1,8,4,8,8,8,15,8,3,8,15,8,5,4,4,8,1,8,8,1,6,8,8,3,4,1,8,8,8,3,6,
May,19,8,8,6,6,4,15,10,5,5,8,4,5,4,8,4,8,8,8,8,8,6,8,8,8,4,8,10,8,15,8,5,1,10,8,6,8,4,8,1,5,10,8,8,1,1,8,10,10,17,4,6,8,5,8,8,8,15,4,8,9,8,8,10,8,8,4,8,1,5,
May,20,8,8,8,8,10,8,8,5,8,18,8,4,4,8,4,8,6,5,6,9,4,4,8,8,8,4,9,4,14,4,6,1,19,1,8,5,8,8,5,8,5,3,5,8,4,4,5,4,8,8,10,8,4,1,5,4,5,4,8,8,4,5,8,15,8,5,8,5,8,
May,21,8,8,8,19,18,8,8,5,8,4,4,8,4,4,8,8,6,8,6,19,8,3,19,4,8,4,15,4,15,4,8,8,6,17,8,8,8,8,15,8,5,4,8,6,1,4,1,1,8,8,6,3,15,8,10,15,8,8,8,8,4,4,8,8,6,8,5,5,8,
May,22,8,8,5,4,8,8,8,8,4,4,4,8,4,4,8,19,8,5,8,4,8,3,8,8,8,4,6,8,8,1,8,8,5,6,15,4,9,9,15,8,6,8,8,8,10,8,4,1,4,8,8,1,8,8,4,8,8,5,8,8,5,8,4,8,10,4,8,5,5,
May,23,8,4,5,5,4,8,8,5,8,8,5,4,4,8,5,8,6,4,5,5,8,5,8,10,8,8,8,4,8,8,8,8,8,17,8,8,4,19,15,8,5,6,5,8,8,15,4,1,4,8,8,4,4,4,4,8,8,8,8,8,5,4,6,8,5,10,8,8,14,
May,24,8,4,5,8,4,10,8,4,4,4,4,4,4,4,8,10,5,8,6,4,1,5,5,10,15,8,8,4,8,4,4,8,8,1,4,8,10,5,5,4,5,15,8,8,8,8,4,5,5,4,8,4,8,8,4,4,8,5,1,1,4,5,8,8,8,4,6,4,6,
May,25,8,5,4,8,5,5,8,5,4,10,8,4,4,9,4,19,5,5,5,8,4,5,5,8,5,4,8,10,8,8,4,8,8,8,5,8,4,5,8,8,9,8,8,8,8,5,4,4,4,4,1,5,5,8,9,8,4,8,4,8,5,4,8,8,8,8,15,8,10,
May,26,4,8,8,8,6,4,4,4,4,4,4,4,8,6,8,6,8,4,4,6,8,8,5,5,5,5,5,8,6,4,10,8,8,5,8,8,8,8,8,10,15,8,4,6,8,8,4,8,15,8,1,4,5,8,4,8,4,4,8,8,5,6,18,8,8,5,8,8,5,
May,27,4,5,8,4,6,5,5,8,4,8,4,4,1,5,4,10,10,9,5,8,8,8,6,8,8,5,5,3,5,8,9,8,8,8,8,4,5,19,4,10,6,10,1,6,19,8,5,1,5,4,1,8,8,9,5,8,5,5,15,4,8,4,4,4,10,5,8,19,17,
May,28,5,8,4,4,5,4,4,4,8,1,4,4,5,8,8,10,18,4,8,4,8,8,8,8,5,5,6,4,8,8,4,8,8,8,1,8,5,5,4,8,8,9,4,6,4,4,8,4,8,4,5,1,8,4,5,8,5,8,8,10,8,8,5,4,8,8,5,4,6,
May,29,6,5,4,4,5,4,8,4,8,4,8,4,6,4,4,10,10,4,5,17,5,4,8,8,8,6,4,4,8,4,4,4,8,8,8,8,8,4,5,5,4,15,5,8,8,1,5,4,10,8,5,15,10,5,10,19,8,15,4,9,4,8,4,8,5,9,8,4,8,
May,30,5,5,4,4,8,8,8,5,8,3,6,4,8,10,4,9,4,8,5,5,5,4,5,5,3,8,4,4,8,4,6,8,1,8,4,8,8,4,5,8,8,5,1,10,15,8,4,4,15,4,5,4,4,4,8,14,4,15,4,4,4,8,4,8,6,5,9,15,8,
May,31,10,5,5,4,4,10,8,5,6,4,8,4,10,6,4,5,5,5,4,6,8,8,8,5,17,8,5,8,4,4,5,15,18,8,6,8,5,8,8,9,5,8,1,8,8,5,5,8,4,8,15,8,4,8,15,4,6,8,4,5,4,8,4,8,8,8,15,8,8,
Jun,1,6,5,8,4,8,8,8,4,5,4,8,5,19,5,4,6,6,4,4,8,8,4,5,8,6,4,5,8,4,8,5,8,8,4,8,8,8,10,8,4,4,8,6,8,5,5,5,8,8,6,15,4,8,4,4,5,6,4,4,4,4,8,19,4,8,5,10,1,8,
Jun,2,4,8,5,5,4,8,4,4,8,5,8,5,5,8,4,8,8,4,10,4,8,4,5,6,8,15,8,4,4,8,8,5,8,5,8,5,4,18,1,15,10,5,6,8,5,15,6,8,6,4,5,4,5,4,5,4,8,4,4,4,5,8,5,5,8,9,8,15,4,
Jun,3,15,4,5,4,5,8,4,5,8,5,4,4,17,8,4,8,5,5,4,5,8,4,8,4,1,8,8,4,8,4,6,5,8,6,8,4,5,3,5,8,1,4,6,8,8,8,4,4,5,8,4,6,4,4,1,4,8,4,4,8,5,4,4,4,8,5,10,4,10,
Jun,4,4,5,8,5,5,8,4,5,4,8,4,4,5,8,5,8,8,5,5,5,5,4,8,5,8,8,8,8,8,9,8,4,8,5,15,4,4,5,5,8,4,5,8,4,10,19,8,5,8,4,4,4,5,5,8,8,8,4,4,4,10,5,8,4,8,5,19,15,4,
Jun,5,10,5,8,5,8,4,4,8,6,8,8,5,8,4,5,5,5,4,5,1,5,4,5,8,8,8,4,4,8,9,5,4,5,8,15,5,8,5,8,8,5,8,8,4,4,15,4,8,8,5,4,4,8,5,5,4,4,8,4,4,10,4,8,5,5,8,6,6,15,
Jun,6,4,5,4,4,4,8,5,4,5,8,8,8,4,10,15,4,5,4,5,4,5,8,5,4,4,4,5,8,4,5,8,4,8,8,4,4,8,5,4,8,4,8,8,5,4,5,4,8,4,8,15,4,4,5,8,1,4,4,4,8,8,8,4,8,8,8,4,10,5,
Jun,7,4,5,8,4,5,4,5,5,5,3,4,8,1,4,5,5,5,4,5,17,8,10,8,4,4,4,5,8,4,5,8,4,8,8,4,4,4,4,5,8,4,5,8,8,8,5,4,8,4,8,8,5,6,4,3,1,8,8,5,6,4,4,8,4,5,8,5,8,5,
Jun,8,5,5,4,5,5,4,4,4,4,4,4,10,4,4,4,6,6,5,5,15,8,4,8,8,5,4,4,8,4,8,5,8,8,8,8,8,4,8,8,6,8,5,8,4,4,6,5,5,8,8,8,6,5,4,8,4,15,4,8,6,4,1,4,8,4,19,4,18,4,
Jun,9,5,4,4,5,4,4,4,4,5,5,5,10,5,4,8,5,8,4,5,8,4,8,8,4,15,5,8,8,15,4,15,1,8,1,8,4,4,8,5,8,5,5,5,10,10,4,5,4,4,5,15,5,8,8,4,5,6,5,8,8,5,5,5,4,1,5,4,5,4,
Jun,10,4,5,4,4,5,5,5,4,4,1,8,4,8,4,10,6,10,4,4,5,5,5,4,5,5,15,8,10,5,5,8,8,8,8,4,8,5,4,4,8,5,6,4,6,8,8,4,5,4,5,4,4,8,8,5,4,5,5,8,19,5,5,8,5,1,5,4,15,8,
Jun,11,5,5,8,5,5,5,5,4,4,4,8,4,5,4,18,4,10,4,6,8,4,8,4,8,6,6,4,4,8,4,8,8,4,4,10,4,8,4,5,4,5,5,8,6,5,8,5,4,4,4,8,4,8,4,6,4,8,5,8,4,6,4,1,6,4,10,5,15,8,
Jun,12,5,4,8,5,5,5,5,5,4,4,8,5,5,8,4,8,9,4,5,8,4,8,4,8,4,4,8,5,8,4,8,5,4,8,8,4,8,5,5,4,4,8,4,4,8,4,8,8,4,4,10,5,8,4,6,5,8,8,8,6,8,5,4,5,4,5,5,15,10,
Jun,13,5,4,4,5,4,8,5,5,4,5,4,5,8,6,4,8,5,4,5,4,8,4,5,5,8,8,8,8,8,4,4,4,4,4,5,8,5,5,8,4,4,8,5,5,4,4,8,4,5,4,8,5,4,8,4,4,8,4,8,5,8,4,4,5,4,5,4,5,8,
Jun,14,10,4,8,5,8,5,5,5,4,5,4,4,4,8,5,5,6,6,6,5,5,4,8,5,8,5,5,5,5,5,5,4,4,4,8,1,4,4,8,4,5,4,5,6,5,8,4,8,1,8,5,4,4,4,4,4,4,5,5,5,4,4,8,15,1,5,4,5,10,
Jun,15,4,5,4,6,8,4,5,8,5,4,4,5,8,4,4,5,5,5,5,5,5,4,8,4,8,5,5,4,5,4,8,8,5,6,8,5,4,4,4,4,5,5,5,8,6,8,5,8,5,8,8,4,4,8,5,4,5,5,8,4,8,4,4,4,5,5,5,5,5,
Jun,16,5,5,5,6,4,9,4,4,5,4,8,5,8,4,4,4,6,6,5,5,4,15,5,8,8,4,8,4,5,8,4,8,5,5,5,8,5,5,8,4,5,5,4,8,15,5,5,4,5,8,4,8,4,6,5,8,4,8,8,5,5,5,5,8,8,5,4,5,4,
Jun,17,4,5,4,5,4,8,5,5,5,4,6,8,4,5,1,4,6,6,4,5,6,6,5,4,8,6,8,4,5,10,4,4,5,5,5,5,5,5,4,4,5,8,4,4,15,4,5,5,5,8,4,8,4,5,5,4,5,8,4,5,8,4,4,8,8,5,4,5,8,
Jun,18,5,5,4,5,4,5,4,4,5,8,5,4,5,6,4,4,4,5,15,8,4,5,5,4,8,5,4,4,5,15,5,4,8,8,4,5,4,15,5,15,5,5,6,4,5,5,8,4,5,4,4,4,5,4,5,5,8,5,4,5,4,4,4,4,4,4,4,8,4,
Jun,19,8,5,5,6,4,6,4,4,4,4,5,4,5,6,5,6,4,9,8,8,8,5,5,4,15,4,4,5,4,6,5,4,8,4,4,8,5,6,4,8,4,5,5,5,8,15,5,4,5,4,4,8,6,4,5,4,5,5,4,4,4,4,4,4,4,4,4,4,4,
Jun,20,4,5,5,5,4,8,4,4,4,4,8,4,5,4,5,6,4,5,5,8,8,8,5,5,6,5,4,4,5,6,5,4,4,4,4,5,5,5,4,15,4,4,5,4,18,8,4,5,5,4,5,5,4,4,4,5,5,5,4,4,4,4,10,4,4,4,5,6,4,
Jun,21,5,5,5,5,5,5,5,4,5,4,4,4,6,8,4,5,5,6,5,4,4,10,5,5,6,8,4,5,5,5,4,5,4,8,8,5,4,10,8,8,6,4,4,4,4,3,5,4,8,4,5,4,8,4,4,5,5,5,4,5,5,4,10,8,4,4,5,4,4,
Jun,22,5,5,5,4,5,5,5,4,8,4,4,4,5,8,4,8,5,5,8,5,4,8,5,5,6,8,4,5,6,4,15,5,4,8,4,8,8,4,8,8,5,5,4,4,6,4,5,8,8,5,6,8,4,5,5,5,4,5,4,8,4,5,6,4,5,4,8,4,4,
Jun,23,6,5,5,4,5,8,8,5,8,4,4,4,4,4,5,8,5,6,8,5,4,5,5,4,8,4,5,5,5,4,6,4,4,5,5,5,8,4,8,4,5,5,4,5,5,4,5,4,5,4,4,8,4,8,4,8,6,4,5,4,4,4,15,4,5,4,8,5,4,
Jun,24,8,4,5,5,5,4,4,8,8,4,5,4,4,5,4,5,5,4,8,6,5,8,5,5,8,4,5,5,5,6,4,4,4,5,4,5,10,8,5,4,8,8,5,4,5,4,5,4,5,5,4,5,5,4,4,4,5,4,5,4,4,4,5,5,4,5,5,5,5,
Jun,25,4,5,5,5,4,5,5,5,5,4,5,4,4,4,5,5,5,4,5,5,4,8,4,4,5,8,5,5,8,5,8,15,4,8,4,5,4,8,4,5,8,4,5,5,4,4,4,4,4,5,4,5,5,5,4,4,5,5,5,4,4,5,5,8,4,5,5,5,5,
Jun,26,4,5,5,5,6,5,4,5,4,4,5,5,4,5,8,8,5,5,8,5,4,4,5,5,5,5,5,6,8,4,5,5,5,4,4,4,5,4,5,4,8,4,4,5,8,8,4,4,4,5,5,5,5,4,4,5,8,5,4,4,4,4,6,4,5,4,8,5,4,
Jun,27,5,8,5,4,5,5,5,5,4,8,8,4,4,5,8,4,5,4,8,5,5,8,5,5,5,5,4,8,8,15,8,6,8,5,8,5,5,4,6,15,4,4,4,4,8,5,8,8,4,5,5,6,5,4,5,4,4,4,4,4,8,4,8,5,5,5,4,19,5,
Jun,28,5,6,4,4,4,5,4,5,5,8,8,5,4,4,8,4,5,5,15,5,4,5,5,4,6,4,8,5,5,6,8,6,8,4,4,4,4,4,5,4,4,5,4,5,5,4,4,6,4,5,4,8,4,5,4,5,5,5,4,5,5,4,10,5,5,5,4,5,4,
Jun,29,4,5,4,8,5,5,4,5,5,4,4,5,8,4,5,5,5,5,5,5,5,4,5,4,6,4,1,5,5,5,5,5,4,4,8,4,5,5,5,8,5,5,4,8,6,4,1,5,4,5,4,8,4,4,4,5,8,4,4,5,5,8,4,8,4,5,4,5,5,
Jun,30,4,5,5,4,5,5,5,5,4,4,5,4,5,5,8,5,8,8,5,5,5,5,5,4,5,4,5,5,4,5,5,5,4,4,4,4,5,5,8,4,5,4,5,5,4,4,4,4,4,8,5,4,1,5,4,5,4,4,4,4,4,4,4,4,4,8,5,15,4,
Jul,1,4,4,4,5,5,4,4,8,4,5,5,4,5,5,5,4,8,5,5,5,4,4,8,8,4,8,5,4,4,6,8,5,5,5,5,4,5,5,5,5,4,5,4,5,5,4,4,4,5,5,4,5,4,5,4,5,4,5,4,5,5,4,4,4,4,5,4,8,5,
Jul,2,4,8,4,4,5,4,5,5,5,5,8,5,5,5,5,4,6,6,5,5,5,4,8,5,5,5,5,8,5,5,4,5,8,5,4,8,4,5,4,5,4,4,5,5,4,5,5,5,4,5,4,5,4,4,4,4,4,5,5,4,5,5,4,4,4,5,4,5,5,
Jul,3,4,8,5,5,5,5,8,4,5,4,4,5,4,5,8,5,6,8,6,5,5,5,8,5,8,5,5,8,5,5,4,5,4,5,5,8,5,4,4,5,4,5,5,5,8,4,5,5,4,4,5,5,4,8,4,8,5,8,5,5,5,5,4,4,4,4,5,4,5,
Jul,4,5,5,5,5,5,5,5,5,8,1,8,6,8,5,4,4,5,8,6,5,5,4,4,5,5,8,5,5,4,4,4,5,8,4,6,8,5,6,5,4,4,5,4,5,5,4,5,5,4,4,8,4,4,5,5,4,4,15,5,4,4,4,4,4,4,5,5,5,5,
Jul,5,5,5,4,5,4,5,5,8,5,4,4,4,8,8,4,5,5,5,4,5,5,4,5,5,6,5,4,6,4,4,4,5,8,5,8,5,5,5,5,5,4,5,5,5,4,4,4,5,5,4,6,4,4,6,4,4,4,6,4,4,5,8,4,5,4,5,5,4,5,
Jul,6,5,5,5,5,4,5,5,5,5,4,4,5,5,4,4,6,5,8,4,5,5,5,5,4,5,5,4,4,4,4,4,5,5,8,8,4,5,4,5,5,8,4,5,5,8,4,4,4,5,4,4,5,5,5,4,8,4,4,4,5,4,4,4,4,4,4,5,5,5,
Jul,7,5,4,5,5,8,5,5,4,5,4,4,5,5,4,5,6,6,8,4,5,5,4,5,4,5,5,4,8,4,5,4,5,5,8,3,4,5,4,5,6,4,4,5,5,4,4,5,5,5,5,5,5,5,5,5,8,4,4,5,5,4,4,4,4,5,5,4,5,5,
Jul,8,5,4,5,5,5,4,5,5,4,4,4,5,4,4,5,5,5,5,4,5,4,4,8,5,5,5,4,5,8,5,5,5,5,6,4,4,5,5,8,4,4,4,8,5,5,8,4,5,5,8,4,5,5,5,4,5,5,4,4,4,4,4,4,4,5,8,4,5,4,
Jul,9,5,4,8,4,4,4,8,5,4,4,5,5,8,8,5,4,5,6,4,6,4,4,5,5,6,4,4,5,8,5,5,8,5,5,4,5,5,5,5,1,4,4,5,5,5,5,5,5,4,6,8,4,5,5,8,5,5,4,8,4,8,4,4,4,5,5,5,8,4,
Jul,10,5,5,6,4,5,5,5,4,5,5,5,5,8,8,4,4,5,5,5,5,4,4,5,5,5,4,5,5,5,5,4,5,4,5,5,18,4,4,5,4,4,4,5,8,4,4,8,6,4,8,5,4,5,5,5,4,5,5,4,5,4,4,8,4,4,8,8,8,5,
Jul,11,8,6,4,4,5,5,5,5,5,8,4,5,8,4,5,5,5,6,5,4,4,4,4,4,4,8,5,5,6,8,5,5,4,5,4,3,5,4,4,5,5,4,5,4,8,5,8,5,4,5,5,5,5,5,4,4,5,5,4,8,4,5,8,4,4,8,8,5,4,
Jul,12,4,6,5,4,5,5,5,5,8,5,8,5,5,5,5,5,5,6,5,5,4,8,4,5,4,6,5,5,6,8,4,8,8,4,5,4,5,5,8,4,5,5,5,5,8,4,8,5,5,4,5,5,5,4,4,4,8,4,5,8,5,8,4,5,8,5,5,5,4,
Jul,13,4,6,5,5,5,4,5,5,5,8,4,4,5,5,5,8,6,6,6,4,5,5,4,5,5,5,4,4,4,4,4,4,8,4,5,8,4,4,5,5,4,5,8,5,4,8,6,5,5,8,5,5,5,8,5,5,8,5,5,4,5,5,4,5,5,5,5,4,4,
Jul,14,5,5,5,5,5,8,8,5,8,5,4,4,8,5,5,5,5,4,6,4,8,5,4,5,5,6,4,5,5,4,4,4,5,5,5,5,5,5,4,5,5,5,5,5,4,6,5,5,5,5,4,5,5,4,6,4,8,5,5,5,4,4,8,5,5,5,5,1,4,
Jul,15,5,5,4,5,4,4,8,5,5,5,4,5,5,4,5,4,8,4,6,4,4,4,8,5,8,5,5,5,5,4,5,4,5,5,5,5,4,4,5,5,5,4,4,8,4,5,6,5,5,5,8,5,8,4,4,4,8,6,4,4,4,5,4,5,4,5,4,5,4,
Jul,16,8,5,5,5,5,4,5,5,5,4,4,8,4,5,8,5,8,5,5,4,4,4,5,5,8,4,4,5,5,5,4,5,5,8,5,4,4,5,4,4,5,5,4,8,4,5,4,5,5,5,4,4,4,5,4,4,4,4,4,5,8,5,4,5,5,5,8,4,4,
Jul,17,8,8,5,5,5,4,5,5,5,4,8,4,4,8,8,5,8,5,8,5,4,5,4,5,5,4,4,5,5,8,4,4,5,5,5,5,4,6,4,5,5,5,4,8,4,4,4,8,4,5,8,4,5,5,5,5,4,5,4,8,4,5,4,5,5,5,4,4,5,
Jul,18,8,5,5,5,5,4,5,5,8,8,8,5,4,8,8,8,8,5,8,5,4,5,5,5,8,4,4,5,5,5,5,4,8,4,5,5,8,5,8,5,5,5,4,8,5,5,4,5,5,4,4,4,5,5,4,4,4,4,5,4,5,5,5,5,4,5,5,5,5,
Jul,19,5,5,4,8,8,4,5,5,5,5,5,5,5,8,5,8,5,5,8,5,4,4,6,4,5,4,4,5,5,5,5,4,5,5,4,4,5,5,8,4,4,5,5,4,5,4,4,5,5,4,4,5,5,5,5,5,4,4,5,4,8,5,5,5,4,5,5,4,5,
Jul,20,5,5,5,4,4,4,8,5,4,4,5,8,4,5,8,5,5,4,5,5,4,4,4,15,8,4,8,8,4,4,5,4,4,5,4,4,5,5,5,4,4,5,5,4,5,5,5,4,5,5,4,5,5,4,4,4,5,4,4,4,5,4,5,5,5,5,5,5,4,
Jul,21,4,4,4,4,5,4,8,5,4,8,8,8,5,5,5,5,4,8,5,5,4,4,5,5,5,8,8,8,8,5,5,4,4,8,5,5,5,4,4,4,5,5,5,5,5,5,5,5,4,5,5,5,4,8,4,5,5,5,4,4,8,4,5,5,5,5,5,4,5,
Jul,22,4,6,4,4,4,4,5,5,4,5,4,8,5,5,5,5,5,8,8,4,4,5,4,6,8,5,5,8,4,8,8,5,8,4,5,5,5,4,8,4,5,4,5,5,5,4,5,5,5,5,5,5,8,5,4,5,4,5,1,4,8,4,5,4,5,5,4,4,4,
Jul,23,5,5,4,4,4,5,4,5,4,4,5,8,4,4,4,15,5,5,6,4,5,5,4,5,4,4,4,5,4,8,5,4,8,4,4,4,5,4,4,4,5,4,4,8,5,5,5,8,5,4,5,5,4,8,4,5,5,8,4,4,8,4,4,4,5,5,5,5,5,
Jul,24,5,5,5,4,5,5,4,8,8,4,5,8,5,4,4,8,8,5,15,4,5,5,4,4,4,5,5,4,8,8,5,8,8,4,4,5,5,4,4,4,5,4,4,4,5,5,4,8,4,4,8,4,4,8,5,5,4,5,4,4,5,4,5,4,4,5,8,8,5,
Jul,25,4,5,5,4,5,4,5,8,4,4,5,5,5,8,5,5,15,4,15,5,5,8,4,4,5,5,5,4,5,5,5,8,5,5,5,4,5,4,4,4,4,4,4,4,5,5,8,4,5,4,5,8,4,8,4,5,4,4,5,5,4,4,4,5,8,5,8,4,4,
Jul,26,5,5,5,8,8,4,5,5,5,4,5,5,5,5,4,6,8,8,6,5,4,8,4,8,8,8,8,4,8,8,5,4,8,5,8,5,5,5,5,4,4,5,5,5,5,4,5,4,4,10,8,8,8,5,4,4,8,4,4,4,4,4,8,4,4,5,5,4,4,
Jul,27,5,5,4,4,5,4,5,4,5,4,5,8,4,5,4,5,8,8,6,5,4,5,8,8,8,8,5,8,4,8,5,4,8,5,8,5,4,4,5,4,5,4,5,8,4,4,4,4,4,8,4,8,5,4,4,5,4,5,5,8,5,5,5,4,5,5,5,5,5,
Jul,28,4,5,4,5,4,5,5,5,5,4,5,5,4,5,5,8,5,8,8,5,5,5,5,5,8,8,4,5,8,4,5,5,4,8,8,5,5,4,5,5,5,4,5,5,5,4,4,4,4,5,4,8,8,5,4,5,4,5,5,5,5,5,5,5,5,4,4,5,5,
Jul,29,8,4,5,5,5,4,5,4,4,4,4,5,4,4,5,5,8,5,8,5,5,5,5,4,8,8,4,4,8,4,5,5,8,8,5,4,5,4,5,5,5,8,5,8,5,4,5,4,4,5,5,4,8,5,4,4,5,5,5,5,5,5,5,5,5,4,5,5,5,
Jul,30,5,5,8,5,5,5,5,8,4,8,5,5,4,4,1,8,8,8,5,4,5,5,5,4,4,4,4,5,5,4,8,4,5,4,5,5,5,4,5,4,5,5,4,5,5,4,5,4,8,8,5,8,8,5,4,4,4,4,5,5,5,4,4,5,5,4,8,4,5,
Jul,31,5,4,8,5,6,5,5,6,5,4,4,5,8,5,4,8,5,8,8,5,6,5,4,8,5,4,5,5,5,4,5,4,5,4,5,10,4,4,4,5,4,5,4,5,4,4,8,4,4,8,4,5,8,8,4,8,5,8,5,4,5,5,4,4,5,4,8,8,1,
Aug,1,4,4,5,4,4,8,5,5,8,4,5,5,5,5,5,5,4,5,8,5,6,5,5,8,5,5,5,5,5,8,5,4,4,4,4,4,4,5,5,4,5,8,5,5,4,5,6,4,4,8,8,5,4,5,4,4,5,4,8,5,4,4,4,4,4,4,5,4,4,
Aug,2,5,5,5,5,4,5,5,5,5,4,4,8,5,5,5,5,8,6,8,4,5,8,5,5,5,5,8,6,5,8,5,5,4,5,4,4,5,4,4,4,5,8,4,4,4,5,5,5,4,8,4,4,4,5,4,4,5,4,5,5,8,5,5,4,4,4,8,3,5,
Aug,3,5,4,4,5,4,5,4,4,8,4,4,8,5,8,4,8,15,8,8,5,4,5,5,6,8,5,8,5,5,8,5,4,4,4,4,8,4,4,4,5,4,8,4,8,4,5,5,5,8,8,4,8,4,5,5,4,5,4,5,5,4,4,5,4,4,5,8,4,8,
Aug,4,4,4,5,4,4,5,5,4,5,4,4,8,4,5,4,5,6,8,5,5,4,5,4,8,4,4,8,5,5,5,5,5,4,5,4,4,5,5,5,4,4,4,4,8,5,5,5,8,5,5,4,5,4,4,5,4,4,5,8,5,5,4,5,5,5,5,5,4,4,
Aug,5,4,5,15,4,5,5,5,8,5,4,8,5,4,5,5,8,5,8,5,5,8,5,4,5,5,4,8,5,8,5,4,8,4,5,4,5,5,5,5,4,5,5,4,5,5,5,4,5,5,4,4,4,4,4,4,5,4,4,4,8,4,5,4,5,5,4,4,5,4,
Aug,6,4,4,8,5,5,5,5,5,4,4,5,4,4,4,5,5,5,5,8,4,6,5,5,4,5,5,8,4,8,5,4,5,4,5,8,5,5,4,4,5,4,4,5,5,4,5,5,5,5,4,4,5,4,4,5,4,4,8,4,8,5,8,8,4,5,4,4,4,5,
Aug,7,4,4,5,4,4,5,8,5,4,5,5,8,5,4,5,5,8,5,8,5,5,5,4,4,5,5,5,4,4,5,4,5,5,4,8,5,4,8,8,5,5,4,5,8,4,5,4,4,5,5,4,4,4,4,5,5,4,5,5,8,5,8,4,4,4,4,4,4,5,
Aug,8,4,5,5,4,5,5,8,5,4,5,8,5,5,8,4,4,8,5,15,4,4,4,4,5,5,5,4,8,4,8,4,4,4,4,5,4,4,5,5,4,4,5,5,5,5,4,4,5,5,8,4,4,5,5,8,5,5,5,8,4,5,4,4,5,4,4,8,5,5,
Aug,9,5,5,5,4,5,5,5,8,4,5,5,4,4,4,4,8,8,4,8,8,4,4,5,4,4,5,4,5,4,4,8,5,5,5,4,5,4,5,5,5,5,4,5,8,4,4,5,4,4,5,4,8,5,5,5,4,4,5,5,4,5,4,4,5,4,4,5,4,5,
Aug,10,4,5,4,4,5,5,5,8,5,5,5,4,5,4,4,8,8,5,8,5,8,8,4,4,5,4,5,6,4,4,8,8,5,5,4,5,5,5,5,4,8,8,5,5,4,8,5,4,5,5,4,4,5,4,4,8,4,5,4,4,5,4,5,5,5,4,4,5,4,
Aug,11,8,5,5,5,5,5,5,8,4,1,5,4,5,4,5,5,15,6,6,4,5,5,4,4,4,4,5,6,4,5,8,8,8,5,4,5,4,4,4,4,5,4,5,5,4,5,4,4,4,15,5,5,5,4,4,4,5,5,5,4,8,4,1,8,4,4,4,5,5,
Aug,12,8,8,5,8,4,5,5,5,4,4,4,5,5,5,5,5,15,15,6,4,4,5,5,5,4,5,8,5,4,5,5,8,8,5,4,5,4,4,4,4,4,8,5,4,4,5,4,4,4,5,4,8,5,5,4,4,5,5,5,8,8,5,8,5,8,5,5,5,8,
Aug,13,8,8,4,5,5,4,5,5,4,4,5,5,8,4,5,8,6,4,5,8,10,5,5,4,4,4,8,8,5,5,6,6,8,5,5,8,8,1,4,4,4,8,5,5,1,4,8,4,5,5,4,5,5,8,8,4,4,4,5,4,4,4,4,5,5,4,5,4,5,
Aug,14,8,5,5,4,4,4,4,5,5,4,5,4,4,5,5,5,4,5,6,5,4,4,4,4,5,5,5,8,5,5,5,4,8,4,4,8,4,4,4,4,4,4,5,5,4,4,4,5,4,4,4,4,4,5,8,4,8,8,4,5,4,4,4,5,4,4,5,4,4,
Aug,15,8,5,5,8,4,5,4,5,5,4,8,8,8,5,5,4,4,5,6,5,4,4,5,4,5,5,6,5,5,4,5,5,8,5,4,4,5,1,4,4,5,5,4,8,5,4,4,4,5,4,5,5,4,4,4,4,5,8,4,4,5,4,4,4,4,4,4,8,4,
Aug,16,4,5,5,5,4,5,8,5,5,4,5,5,4,5,5,5,5,4,5,4,5,4,5,4,4,4,5,4,4,5,6,5,8,5,4,4,5,1,5,5,4,4,4,5,4,5,4,5,4,5,4,5,5,4,6,4,5,4,5,4,8,5,4,5,4,5,4,3,5,
Aug,17,8,8,5,5,4,5,8,5,5,4,4,5,5,5,5,8,8,4,5,4,4,8,5,4,4,4,4,5,4,4,5,4,5,5,5,4,6,8,5,5,4,4,4,5,4,5,4,8,4,5,4,4,4,5,5,4,4,4,5,5,1,5,4,4,4,5,5,4,4,
Aug,18,8,8,5,5,8,4,5,4,4,5,4,5,5,5,4,5,8,4,6,5,4,5,4,4,4,5,5,8,8,4,5,4,8,4,4,4,4,8,4,4,5,4,5,5,5,4,4,4,5,5,5,4,5,8,5,5,5,4,5,5,1,4,8,5,4,5,5,8,5,
Aug,19,8,8,4,8,5,5,4,4,5,4,4,5,5,4,4,8,5,4,8,5,4,8,4,4,5,5,5,4,5,5,8,8,8,5,5,4,4,4,4,4,5,5,5,5,5,4,4,4,5,5,4,4,4,5,5,4,5,4,4,4,1,4,8,4,4,4,5,8,5,
Aug,20,4,8,4,8,5,5,5,4,5,4,5,4,5,5,5,8,8,4,15,5,8,4,5,4,5,5,5,8,6,8,5,5,5,4,5,5,5,4,4,4,4,4,5,4,8,4,5,5,8,4,4,4,4,5,5,4,4,4,4,5,4,4,8,5,4,4,4,4,5,
Aug,21,4,5,4,5,5,5,8,4,5,4,8,4,5,5,5,5,8,4,5,5,5,5,4,5,5,4,4,4,5,8,4,5,4,4,4,4,8,4,4,5,4,5,5,5,4,5,5,5,5,5,4,5,1,4,8,4,5,4,4,4,4,4,4,4,4,5,4,5,8,
Aug,22,4,5,4,4,4,5,4,5,8,5,4,5,6,4,5,5,5,4,8,5,4,5,8,6,8,5,5,5,5,1,5,5,8,5,4,4,5,8,4,5,5,5,5,5,5,4,5,5,4,5,5,5,5,4,4,5,4,4,4,4,4,4,4,4,5,4,4,4,4,
Aug,23,5,5,8,5,4,5,5,8,5,4,8,8,6,5,6,6,5,5,8,4,4,4,8,5,5,5,5,4,5,4,5,4,5,5,8,5,4,8,5,5,4,5,5,5,5,5,4,5,4,4,4,8,4,4,4,4,4,4,4,8,5,5,5,4,4,5,4,5,4,
Aug,24,5,5,4,4,8,5,8,5,5,4,4,4,4,5,5,5,5,5,8,4,5,1,4,4,5,4,5,5,5,4,5,5,4,5,5,5,4,4,4,4,5,5,5,4,4,5,4,4,4,5,8,4,4,4,4,4,4,4,4,4,5,8,8,4,4,5,4,5,5,
Aug,25,5,5,4,8,4,8,8,5,5,4,4,4,4,4,4,5,5,8,8,4,5,4,8,4,5,4,5,5,5,4,5,4,5,5,8,8,4,4,5,5,8,5,5,4,4,5,5,4,5,5,1,4,5,5,5,8,4,4,4,4,4,4,5,5,4,4,1,5,8,
Aug,26,8,5,8,5,5,4,4,4,4,4,5,4,4,4,5,4,5,8,8,5,4,8,6,4,10,5,5,4,5,4,5,4,4,5,8,4,8,5,5,8,8,4,6,5,4,5,8,4,4,5,5,4,4,5,4,8,4,4,4,4,4,4,5,4,4,4,4,4,8,
Aug,27,4,5,4,5,5,4,4,5,4,5,5,4,4,4,5,4,4,5,6,4,8,8,5,4,4,5,5,5,6,5,5,4,5,5,4,5,5,5,4,8,5,4,5,5,4,5,8,4,5,8,5,4,4,4,5,5,5,5,4,8,4,4,4,4,4,4,4,4,4,
Aug,28,4,4,4,5,5,5,4,5,4,4,5,5,4,4,4,5,4,8,8,4,4,4,4,5,8,4,5,5,5,4,8,4,5,5,4,4,5,4,5,4,5,5,4,5,4,5,8,4,4,4,8,4,4,4,4,4,8,4,8,4,4,4,5,5,4,4,4,4,4,
Aug,29,5,5,4,4,4,4,5,5,8,5,5,4,4,4,4,8,6,6,15,5,5,8,8,4,5,4,5,5,5,1,4,5,4,5,4,4,4,8,8,5,4,4,8,5,4,4,5,5,4,4,4,4,4,5,4,8,4,8,4,4,8,5,8,8,4,4,5,4,4,
Aug,30,5,5,5,4,4,8,5,4,8,5,5,5,4,5,4,8,6,5,6,5,4,4,8,4,5,8,5,5,5,5,4,6,4,4,4,1,4,5,4,4,4,8,5,5,8,8,4,5,4,8,8,4,5,5,4,4,4,4,4,4,8,4,8,5,4,5,4,5,4,
Aug,31,5,4,5,4,5,5,5,5,5,4,5,4,4,5,5,4,4,4,5,5,4,4,5,5,6,5,5,5,4,5,4,4,4,4,5,4,8,5,5,4,4,8,5,5,8,5,4,8,4,5,4,4,4,5,5,4,4,4,5,4,4,4,8,5,5,5,4,4,4,
Sep,1,5,4,8,5,5,5,4,5,4,4,5,5,4,4,4,5,4,8,5,5,8,8,8,5,4,8,6,4,4,4,8,4,8,4,4,5,4,5,4,5,4,4,4,15,1,5,4,4,4,5,4,8,4,4,5,4,5,5,5,4,4,4,5,5,4,5,4,4,5,
Sep,2,5,6,5,5,5,4,5,8,4,4,4,4,4,4,4,5,5,5,4,5,5,5,5,1,4,4,6,4,5,4,5,4,5,4,4,5,4,4,8,4,4,4,4,5,4,5,4,5,5,6,4,5,4,5,8,4,5,15,6,4,4,4,4,5,4,4,5,8,4,
Sep,3,5,5,4,5,5,4,5,4,5,4,4,4,5,6,4,5,4,5,5,4,15,5,5,4,5,4,4,5,8,8,5,4,4,4,4,4,4,4,5,1,5,4,5,8,4,4,5,5,5,4,4,5,8,5,5,4,4,5,8,4,4,1,4,4,4,4,4,4,5,
Sep,4,8,5,8,5,5,5,5,4,5,4,4,5,4,5,4,5,6,5,6,5,4,4,5,8,6,4,4,5,4,1,6,5,4,5,4,8,4,4,5,5,4,4,5,5,8,4,4,6,5,4,4,5,4,15,4,6,4,5,4,5,4,5,4,1,4,6,4,4,5,
Sep,5,4,5,4,4,5,5,4,4,4,4,5,4,4,8,5,4,5,8,5,4,4,4,4,8,5,4,4,5,4,4,4,5,5,5,4,5,4,5,5,5,4,4,5,5,4,4,5,4,10,4,4,4,4,5,5,6,5,8,4,5,4,4,4,4,4,8,8,4,15,
Sep,6,4,5,8,4,5,5,4,8,5,4,5,4,5,4,4,4,5,5,6,4,4,5,4,5,4,4,1,4,5,4,5,4,5,4,4,5,8,5,4,4,4,5,5,5,4,5,4,10,15,8,5,5,8,8,5,4,4,8,1,5,4,5,4,4,4,4,5,4,4,
Sep,7,4,6,4,5,5,6,4,8,5,4,5,4,4,4,5,4,5,8,6,4,5,4,4,4,4,5,5,4,5,4,10,4,8,4,4,5,5,4,1,4,4,4,4,5,5,8,5,8,8,8,10,6,4,15,5,8,1,8,1,5,1,5,4,5,5,4,5,4,4,
Sep,8,8,6,4,4,5,5,5,5,5,5,5,4,4,4,5,4,8,5,8,4,8,5,4,5,5,5,10,4,6,5,4,5,8,4,5,4,4,1,5,4,5,5,4,5,15,4,4,5,15,8,1,4,8,4,4,4,4,4,4,6,1,8,4,4,4,4,5,1,8,
Sep,9,5,5,4,8,5,5,4,4,4,5,6,4,4,5,4,5,8,5,5,5,5,5,4,8,8,4,1,4,4,5,4,8,4,5,8,8,4,4,5,5,5,15,5,4,4,4,4,4,4,5,5,4,8,4,4,4,5,4,4,4,5,5,8,8,4,4,4,4,4,
Sep,10,5,8,4,4,4,4,4,5,4,5,6,5,4,5,6,4,5,5,6,4,5,6,5,8,8,8,4,8,4,5,5,4,4,6,8,4,10,5,4,4,5,8,5,8,4,4,4,4,8,5,4,5,8,8,1,8,15,5,4,8,5,4,4,8,4,4,5,4,4,
Sep,11,5,4,8,8,5,8,4,5,4,4,8,6,8,5,4,5,6,5,5,4,4,4,4,8,8,5,4,4,8,8,8,4,15,4,4,8,4,5,4,4,8,5,5,5,4,4,1,4,8,5,4,4,4,5,4,10,4,4,4,4,4,10,4,8,4,4,4,4,5,
Sep,12,5,4,4,5,5,4,4,8,5,5,4,5,4,6,4,4,6,4,5,5,5,4,4,4,5,8,4,4,5,8,4,5,5,4,4,4,4,6,5,4,8,5,5,5,6,4,4,4,8,4,4,5,5,5,15,8,8,4,4,4,4,4,5,4,4,4,8,4,4,
Sep,13,5,6,5,6,8,8,5,4,5,8,4,6,4,4,4,5,5,4,4,4,8,4,5,5,5,5,4,4,4,4,10,8,8,5,6,8,5,5,5,8,1,5,6,8,4,5,4,8,8,1,8,4,5,5,8,4,8,4,8,4,4,6,5,4,4,4,4,4,5,
Sep,14,15,6,5,5,5,5,5,4,8,8,8,5,4,4,1,5,8,4,6,4,8,8,5,4,8,5,5,5,5,15,10,4,4,8,4,4,5,5,4,8,8,5,5,4,15,4,4,4,5,1,4,10,15,4,8,5,1,4,8,4,4,8,4,4,8,4,5,1,4,
Sep,15,8,15,5,5,4,4,5,4,5,4,4,8,5,4,4,5,8,6,4,5,8,5,8,4,8,8,5,8,5,5,1,5,5,5,4,4,8,4,4,8,8,4,8,4,8,4,4,5,5,1,4,8,5,4,8,8,8,5,8,4,4,8,4,4,4,4,5,8,15,
Sep,16,4,8,4,5,4,4,5,4,8,1,5,8,5,6,4,6,8,5,6,5,8,8,4,4,8,4,4,4,5,4,5,6,15,5,8,5,4,8,4,4,4,5,8,5,8,4,4,5,5,15,4,4,4,5,10,8,4,19,8,6,4,5,4,1,10,4,10,4,5,
Sep,17,4,8,4,8,4,5,5,4,1,4,5,8,4,6,1,6,5,6,5,6,3,5,4,4,4,5,4,4,5,4,15,15,5,15,8,1,4,8,1,4,4,8,8,5,8,4,1,15,15,8,4,8,5,1,4,5,4,5,1,4,5,8,5,4,10,5,5,8,8,
Sep,18,5,8,8,8,4,8,5,4,4,4,8,4,8,4,4,5,5,6,5,5,3,5,4,1,4,4,1,4,5,15,4,8,8,15,8,8,8,4,4,8,8,8,8,5,4,4,19,5,8,1,4,4,8,8,6,8,1,8,1,4,4,5,5,8,4,5,4,8,8,
Sep,19,8,8,5,4,4,8,8,5,5,4,8,8,4,8,4,5,5,6,5,6,4,5,4,5,5,4,8,1,15,8,8,4,8,8,8,5,8,8,5,8,4,3,4,6,5,4,8,6,8,15,8,4,8,8,4,8,1,8,8,4,5,5,1,5,5,19,15,1,4,
Sep,20,8,5,5,4,4,4,4,5,6,4,8,4,1,4,4,8,5,5,5,8,4,5,4,5,8,8,4,5,15,15,4,8,8,8,8,8,4,4,4,8,4,4,4,6,15,4,4,8,10,8,5,4,4,4,8,4,4,4,5,5,8,5,1,8,4,5,8,5,4,
Sep,21,5,6,5,4,4,8,4,5,4,4,4,5,4,6,4,5,5,5,5,5,8,5,4,8,4,5,8,5,8,8,4,4,3,8,15,5,1,1,10,4,4,8,4,8,15,4,8,8,6,8,5,5,4,1,1,8,4,4,15,1,10,15,4,10,15,6,5,5,18,
Sep,22,5,5,15,5,4,8,4,8,4,8,8,5,8,6,4,4,8,5,5,15,15,4,5,3,4,5,8,15,8,5,8,5,3,4,15,5,1,1,4,8,4,4,5,8,4,4,8,8,8,8,15,8,4,1,4,3,4,5,8,4,18,8,1,4,15,5,4,19,15,
Sep,23,8,6,15,5,4,8,4,5,4,4,4,3,4,6,5,4,8,5,15,8,8,1,5,1,5,8,8,1,4,5,8,15,4,8,4,15,4,4,8,4,5,8,8,8,15,8,1,4,10,8,6,4,5,1,1,4,5,8,8,15,15,4,1,5,8,5,10,1,8,
Sep,24,8,6,5,8,5,4,4,8,4,5,4,4,5,17,10,5,8,5,6,1,1,1,8,8,15,4,5,5,6,5,8,8,4,1,4,15,5,5,4,4,5,1,5,8,6,8,1,8,10,15,15,4,5,1,8,5,1,8,8,15,5,1,4,5,4,15,4,1,4,
Sep,25,4,6,5,8,8,4,5,4,8,8,4,4,5,4,1,6,8,8,6,4,10,8,5,5,10,8,5,5,15,5,8,4,15,19,1,8,4,5,5,5,15,15,5,4,6,5,1,8,8,6,8,4,15,4,4,8,8,8,6,8,9,8,4,8,4,8,5,4,1,
Sep,26,1,5,1,4,5,8,6,5,4,4,4,8,5,8,1,8,8,5,6,5,15,8,8,5,8,8,10,15,8,8,3,1,15,1,15,8,5,4,4,5,8,15,8,8,1,4,1,8,4,8,1,1,15,5,4,1,1,8,8,8,4,4,1,8,8,10,4,4,8,
Sep,27,5,5,4,4,15,8,4,5,4,8,8,8,4,4,5,4,6,4,6,5,15,1,8,15,8,4,15,15,4,8,4,1,15,1,8,4,5,4,15,8,8,15,8,4,4,8,15,8,8,16,1,1,5,4,8,1,4,15,18,8,6,8,8,1,8,8,8,1,15,
Sep,28,5,5,4,5,8,4,4,8,1,5,4,4,4,4,8,4,8,8,6,5,15,4,5,8,8,1,15,8,4,8,15,1,8,4,4,8,5,5,8,4,4,15,4,8,1,4,8,8,8,15,3,1,5,6,8,15,3,6,9,8,15,8,4,8,4,5,6,1,8,
Sep,29,15,5,4,6,8,4,8,8,1,4,6,5,8,8,8,5,17,4,8,5,8,8,5,5,10,1,8,4,1,8,8,4,8,4,1,4,8,15,4,4,4,8,15,8,3,4,1,8,4,10,1,3,15,15,8,5,1,15,9,8,8,1,8,4,1,4,4,8,4,
Sep,30,15,6,4,6,8,4,4,8,1,1,1,6,8,8,1,4,8,4,8,5,4,3,17,5,8,15,8,1,1,8,4,4,4,5,5,8,8,8,5,8,8,8,5,8,3,8,1,4,8,8,5,19,8,15,4,5,1,8,15,1,6,1,8,5,1,8,1,1,8,
Oct,1,15,5,5,5,4,8,5,4,4,1,8,8,8,1,1,5,6,8,6,5,1,1,1,4,15,5,8,1,8,4,8,4,4,8,5,5,1,4,11,1,1,15,4,1,8,15,1,15,8,6,8,1,4,4,4,15,8,8,5,4,15,1,4,4,1,8,1,3,3,
Oct,2,17,4,5,5,8,8,8,3,4,4,8,8,8,4,1,4,5,4,5,5,10,4,1,8,4,5,5,8,8,15,4,5,10,8,8,6,1,4,11,5,5,8,1,1,8,15,1,5,1,8,1,8,4,4,8,5,8,8,4,1,4,1,1,1,1,5,4,3,1,
Oct,3,17,8,8,8,8,8,8,3,5,8,8,4,8,4,10,5,1,4,8,15,6,4,8,4,8,4,8,8,8,8,8,5,17,8,8,17,1,4,15,5,15,8,1,8,8,8,1,8,4,8,8,8,1,3,4,15,4,4,15,1,10,1,4,4,15,6,4,4,8,
Oct,4,1,6,8,5,5,1,4,5,8,4,8,1,4,4,8,5,17,1,8,5,15,1,10,8,1,5,8,1,1,17,8,5,15,4,8,8,4,8,4,8,8,8,1,3,8,1,3,1,8,8,10,4,3,1,8,1,8,8,8,1,8,8,8,4,15,17,1,4,4,
Oct,5,10,5,15,8,8,5,4,5,5,8,8,1,1,8,8,8,4,5,4,1,8,4,6,8,1,1,4,1,1,4,4,15,1,15,6,4,8,1,8,1,8,8,4,19,8,8,1,1,4,8,1,1,3,15,8,3,3,8,4,15,8,8,4,4,15,17,1,1,1,
Oct,6,1,3,5,9,5,5,8,6,5,1,8,8,8,1,5,4,1,15,6,8,1,4,8,8,8,1,10,8,1,8,1,8,1,4,8,4,8,3,8,4,8,5,4,1,8,15,1,8,4,15,8,1,3,8,3,1,1,8,8,8,8,15,8,4,1,8,4,5,8,
Oct,7,4,8,5,5,5,8,5,8,8,3,8,1,8,1,8,4,8,8,6,8,6,1,8,17,8,10,1,15,1,3,4,1,3,1,4,3,8,1,1,1,8,15,8,8,8,4,1,1,15,3,8,8,1,1,1,8,1,4,4,1,8,1,8,8,1,4,4,5,8,
Oct,8,8,15,5,5,5,8,8,1,8,4,8,3,8,1,10,8,8,6,5,15,6,3,4,8,8,10,8,10,8,1,8,1,8,1,8,3,1,8,15,4,8,8,1,8,15,4,3,1,15,3,8,15,8,3,8,4,8,4,5,3,1,1,5,8,15,1,8,10,1,
Oct,9,4,6,17,10,8,3,1,1,8,4,4,1,8,1,5,4,1,5,8,8,4,3,1,3,8,8,5,5,8,4,3,1,3,4,8,8,4,6,5,1,8,1,8,8,5,1,3,1,8,3,4,5,1,1,8,4,8,8,8,3,8,1,6,9,8,1,3,15,4,
Oct,10,5,8,1,5,10,4,8,8,8,8,4,1,8,1,5,4,8,8,8,6,15,3,1,1,4,10,5,8,1,5,3,1,8,8,8,8,4,6,15,3,15,8,5,1,8,1,3,4,10,1,4,17,10,4,4,8,1,1,18,1,4,4,8,19,10,4,3,8,4,
Oct,11,5,8,1,8,8,1,4,8,8,4,4,6,1,4,1,4,8,8,17,17,5,1,17,4,1,10,1,8,1,15,1,8,8,5,1,4,4,17,4,1,17,8,8,1,1,3,3,1,15,8,3,17,6,8,1,15,3,1,1,1,1,3,8,8,5,4,1,3,4,
Oct,12,5,4,1,19,8,8,4,4,17,1,5,8,8,15,3,5,5,6,1,8,6,15,16,1,8,1,1,8,10,1,8,8,8,8,1,8,3,17,1,8,8,5,4,3,1,3,1,4,4,8,1,4,1,3,1,15,1,1,1,8,1,1,4,15,4,4,1,1,8,
Oct,13,8,8,6,17,10,8,4,8,4,1,1,6,8,17,8,8,4,8,8,1,1,8,17,4,8,8,8,8,3,1,4,8,8,3,3,15,1,1,1,1,1,4,4,1,8,3,1,4,6,1,3,3,1,4,10,1,4,1,1,1,3,8,8,4,3,4,1,8,8,
Oct,14,3,8,6,5,8,6,8,1,1,1,8,5,8,8,1,8,4,5,8,3,9,8,17,3,1,8,8,5,8,1,1,1,8,8,8,17,15,1,4,1,1,4,8,15,8,3,1,1,15,1,1,1,1,1,8,3,1,8,15,8,3,1,10,1,8,4,1,1,8,
Oct,15,3,15,6,8,1,15,8,8,1,1,5,1,4,8,1,8,8,1,8,1,3,8,9,1,1,3,1,8,10,3,3,8,8,8,1,4,15,8,1,1,1,1,1,4,1,3,1,1,8,1,8,8,3,1,4,1,1,8,6,17,8,3,4,1,1,4,8,1,4,
Oct,16,8,8,5,8,1,15,15,8,8,8,5,1,8,8,1,8,8,1,6,1,1,1,3,4,10,8,8,3,8,4,1,4,8,4,8,1,6,10,1,3,3,8,3,4,1,3,15,1,1,10,6,1,1,15,8,1,1,5,10,4,6,1,4,8,4,8,1,8,3,
Oct,17,3,8,1,8,1,17,5,8,17,17,8,1,1,1,1,18,8,8,8,1,17,4,1,4,10,8,3,3,10,17,8,4,1,4,8,8,5,10,15,3,3,17,3,4,8,3,15,1,3,1,4,1,4,1,1,8,4,8,7,1,4,1,1,8,4,8,15,8,1,
Oct,18,3,6,1,8,1,5,8,8,1,1,3,1,10,3,1,8,8,17,8,1,8,1,1,15,10,4,1,3,9,8,8,8,8,4,8,1,5,16,15,1,17,15,3,8,1,3,8,1,7,8,1,8,3,17,1,8,4,1,2,3,3,10,18,8,1,6,6,4,15,
Oct,19,8,8,8,8,15,8,8,8,1,3,1,1,5,1,1,8,8,17,8,8,15,17,8,17,10,8,8,3,19,1,8,8,1,3,8,3,8,14,8,1,8,17,3,3,8,3,1,4,3,10,8,4,1,1,1,8,4,17,1,3,3,10,18,8,1,15,11,1,4,
Oct,20,1,8,10,8,4,1,1,4,8,8,8,1,6,8,4,15,8,1,8,1,10,17,8,4,8,4,4,1,4,8,4,1,3,1,8,1,3,15,1,1,15,17,1,3,1,3,3,5,1,16,3,8,17,1,8,10,8,8,15,1,8,1,8,1,1,1,5,1,8,
Oct,21,4,1,14,8,4,8,1,4,1,8,8,1,8,1,4,17,8,17,8,9,1,14,9,1,1,8,8,1,17,1,10,9,3,3,1,1,3,1,8,3,1,15,1,9,8,3,1,1,1,15,4,1,17,1,5,10,5,1,8,7,8,15,8,1,3,1,1,3,1,
Oct,22,8,8,5,8,4,4,17,4,1,15,4,1,1,1,4,17,8,8,6,3,1,10,3,6,7,3,8,8,9,1,8,3,1,4,1,1,1,1,6,17,3,3,8,8,8,3,1,8,14,8,4,4,17,1,1,8,4,1,1,9,17,4,4,1,15,3,7,10,1,
Oct,23,4,6,8,8,1,1,8,8,1,8,1,8,1,1,1,17,8,17,4,3,1,15,8,15,1,1,8,8,18,3,8,6,8,4,3,1,1,1,8,17,3,1,15,8,8,1,7,4,10,8,4,4,17,8,3,3,3,1,1,1,1,3,8,1,8,8,7,7,4,
Oct,24,4,6,1,8,1,1,9,1,1,1,4,16,4,3,1,17,1,11,8,2,8,8,8,1,3,8,8,7,16,3,1,10,6,1,1,4,1,1,8,1,1,1,6,15,8,1,1,1,10,7,1,15,17,1,1,8,3,3,1,1,1,3,8,1,1,1,7,1,1,
Oct,25,1,15,1,8,4,1,8,4,1,1,4,2,4,1,1,1,4,6,6,2,17,3,8,8,2,1,8,1,15,1,3,1,8,1,3,1,1,17,1,8,8,1,6,8,8,1,1,3,14,8,1,1,17,1,1,8,3,1,1,1,1,1,8,6,17,4,8,3,1,
Oct,26,3,8,3,1,4,1,10,8,1,1,8,10,3,1,1,8,1,8,6,1,8,9,15,8,15,4,8,17,15,8,8,10,8,1,1,1,1,17,4,8,8,1,8,6,8,1,8,3,17,15,8,4,1,17,1,15,3,3,15,4,1,7,8,1,17,4,8,17,1,
Oct,27,4,1,1,8,1,1,8,8,1,1,5,8,3,2,9,8,1,1,8,1,1,8,17,1,15,4,8,8,10,3,6,8,9,1,1,1,3,8,3,1,3,1,1,15,1,1,1,1,10,17,8,3,3,10,1,15,3,1,17,4,15,1,8,1,3,4,1,17,1,
Oct,28,4,1,1,8,6,1,8,14,8,19,8,8,3,2,1,8,1,1,8,1,7,6,8,15,17,1,8,1,17,3,7,3,4,1,1,7,3,1,1,17,3,1,8,1,1,4,3,1,3,3,17,1,3,17,3,14,3,1,17,4,17,2,2,1,7,1,1,17,3,
Oct,29,1,8,8,8,17,1,18,6,8,3,9,8,1,10,1,1,1,1,1,7,1,5,1,10,15,8,2,1,8,1,8,9,1,1,1,1,1,1,3,8,15,1,7,1,1,3,1,1,14,3,17,3,1,17,17,17,1,17,17,1,8,17,4,8,3,3,1,17,4,
Oct,30,3,5,9,8,17,8,18,8,8,3,9,8,3,1,3,8,1,1,1,3,17,8,8,7,1,2,8,1,8,1,15,10,3,1,4,17,1,1,7,8,10,6,8,17,1,3,1,8,8,1,10,1,1,15,1,7,1,17,1,17,8,17,8,1,1,3,8,1,1,
Oct,31,1,8,9,8,15,1,17,8,8,1,3,8,1,1,1,8,1,15,1,3,14,2,3,1,7,14,3,8,3,1,17,7,17,17,1,15,17,3,2,7,3,3,8,8,1,17,3,1,1,1,8,1,1,1,1,7,3,15,16,8,8,10,1,1,3,3,17,1,6,
Nov,1,3,1,8,1,8,1,17,8,8,8,3,10,8,1,9,15,1,1,3,1,8,17,3,1,17,11,8,10,3,3,8,19,1,1,1,3,17,3,5,15,8,1,8,1,1,17,3,1,1,1,1,1,1,2,1,3,1,1,14,8,1,16,1,1,3,1,10,1,17,
Nov,2,1,1,6,1,10,1,17,8,1,8,1,9,3,1,8,5,1,1,8,8,10,17,3,8,17,15,6,1,3,3,1,5,7,1,1,3,3,1,17,17,17,1,8,17,3,8,3,16,1,19,1,3,1,3,3,3,3,15,15,8,3,14,8,3,3,1,10,1,8,
Nov,3,7,8,8,10,10,8,17,1,7,8,1,9,1,1,8,8,1,8,3,8,1,8,1,15,17,8,8,1,7,9,1,10,3,6,8,3,7,8,15,15,10,3,1,11,3,1,3,10,1,16,1,3,1,15,3,3,3,7,8,8,3,8,3,17,1,3,8,3,3,
Nov,4,7,1,8,8,5,8,15,1,7,9,1,8,1,1,3,1,8,3,4,10,3,1,1,15,17,8,15,1,3,1,1,1,3,17,1,4,7,1,10,3,1,3,3,17,7,3,17,7,3,10,1,3,1,7,3,3,1,17,15,3,3,7,3,17,1,3,8,3,1,
Nov,5,4,3,1,6,8,9,1,8,8,3,8,10,1,1,17,3,10,1,8,1,7,3,1,1,3,9,7,3,3,3,1,3,3,8,8,1,7,10,10,15,3,3,1,10,1,3,1,7,1,8,3,1,3,16,1,3,3,8,11,7,3,7,4,8,1,3,3,1,8,
Nov,6,1,1,9,10,1,3,1,17,15,17,8,10,9,1,8,3,8,17,8,1,7,1,8,1,1,3,1,1,3,3,1,18,3,3,15,1,1,3,17,11,8,1,8,1,17,3,11,10,8,1,1,15,3,10,8,2,3,1,8,2,3,3,1,8,1,7,8,1,8,
Nov,7,1,3,8,14,10,1,8,17,11,17,8,1,3,1,1,1,17,1,6,1,15,8,8,8,8,1,3,1,3,3,15,14,3,3,17,1,1,8,15,8,17,8,15,3,1,3,11,14,8,3,3,1,3,15,7,1,17,8,1,6,3,9,1,8,1,2,3,1,8,
Nov,8,1,10,1,8,8,1,1,17,11,8,1,8,3,1,1,1,1,8,17,1,10,6,8,8,9,1,7,1,1,3,1,8,8,1,11,1,1,2,14,3,8,7,10,1,9,1,1,10,8,1,1,8,1,3,8,17,2,8,3,10,3,2,1,8,3,1,3,15,3,
Nov,9,3,16,8,8,1,1,15,17,8,9,3,1,1,1,1,1,1,8,2,3,8,8,15,8,3,3,15,15,1,1,1,3,5,8,11,1,1,17,11,1,1,15,11,15,1,6,3,8,3,3,1,1,3,7,7,17,1,1,3,8,3,1,3,3,15,1,3,8,9,
Nov,10,3,10,1,3,7,1,3,17,8,1,2,2,1,1,3,8,1,10,2,17,1,1,10,8,1,3,1,15,1,3,8,3,7,10,17,1,1,17,8,1,8,1,14,8,1,6,3,8,1,1,17,10,3,8,15,15,1,1,1,8,3,1,7,1,14,3,3,17,1,
Nov,11,2,15,1,1,14,10,9,17,9,3,17,8,8,3,3,8,3,8,17,3,8,1,8,8,1,2,1,8,3,17,8,3,16,8,17,16,10,17,11,3,11,15,8,3,1,17,3,3,3,8,10,8,3,8,14,15,3,1,1,15,3,3,3,1,17,3,3,8,3,
Nov,12,15,10,1,8,15,1,1,1,3,7,17,8,1,10,3,1,10,10,1,7,8,1,1,8,10,2,17,15,3,17,8,3,3,11,1,14,17,8,9,3,1,1,8,1,7,8,7,3,3,8,7,8,1,8,8,1,3,1,1,7,3,10,3,3,8,3,3,3,3,
Nov,13,17,8,1,8,1,1,1,17,3,15,1,10,1,8,3,3,8,8,1,3,3,3,1,7,10,14,15,1,3,3,8,1,3,9,8,17,1,8,3,1,9,16,9,1,7,9,16,1,3,3,1,3,3,3,1,8,3,3,10,8,1,17,9,3,8,1,3,3,1,
Nov,14,11,1,1,1,1,1,3,1,1,1,9,10,1,8,4,8,2,1,8,1,10,1,1,7,8,10,15,17,3,7,1,17,3,7,3,10,1,3,8,8,3,10,3,8,7,1,17,3,3,3,10,1,1,3,1,9,7,1,10,7,1,1,3,13,10,3,7,3,1,
Nov,15,1,1,10,1,1,1,7,8,1,8,1,2,1,1,1,1,1,8,17,1,10,1,8,8,1,1,8,8,3,7,9,1,8,9,8,10,1,3,3,3,7,17,3,3,17,1,16,2,3,3,10,7,3,15,8,3,7,1,8,3,8,1,3,14,3,1,16,3,1,
Nov,16,3,3,10,2,1,17,7,3,1,1,8,1,3,9,3,8,1,10,8,1,8,1,7,17,1,10,1,7,1,10,9,1,6,10,3,16,3,1,1,3,7,10,2,3,3,9,11,3,3,7,8,8,3,8,3,9,15,1,8,1,1,1,3,17,3,1,17,17,17,
Nov,17,1,9,8,17,1,14,1,3,1,8,1,1,17,3,7,1,16,11,8,3,8,1,7,14,8,1,1,8,1,10,3,2,4,10,7,10,17,3,1,3,17,8,3,1,3,1,8,3,3,15,8,3,3,11,8,8,14,7,8,1,1,8,3,17,7,3,8,17,8,
Nov,18,3,1,15,17,1,14,15,1,8,8,1,1,11,8,3,8,8,8,8,1,3,1,1,17,1,15,17,1,3,10,1,9,1,17,7,7,10,3,1,1,14,8,1,16,3,1,7,1,3,3,1,7,3,9,3,8,8,7,1,3,1,8,3,17,1,1,3,8,1,
Nov,19,9,1,1,17,1,14,7,1,10,9,4,1,8,8,3,1,16,3,1,17,7,1,1,3,15,8,10,3,3,7,3,7,1,8,3,10,7,3,7,1,17,8,3,1,7,9,16,7,3,15,8,15,3,3,3,17,1,9,8,3,7,1,3,17,10,1,3,8,2,
Nov,20,3,1,1,8,1,17,3,17,7,1,9,1,8,10,3,8,14,8,1,16,1,1,1,3,8,3,1,7,7,7,3,3,15,11,1,15,7,3,2,8,3,9,17,1,16,3,16,16,7,7,7,7,3,7,3,3,1,16,3,10,17,1,1,8,1,8,3,3,3,
Nov,21,1,1,1,8,1,1,17,8,3,9,3,3,1,11,7,8,14,8,1,15,1,3,3,1,3,1,3,16,3,7,3,3,11,11,1,8,7,3,1,7,3,3,8,1,14,9,16,10,7,7,3,7,1,11,3,3,15,11,3,14,8,8,17,1,1,10,17,7,3,
Nov,22,17,1,1,1,7,8,1,14,1,9,9,1,1,11,3,3,14,8,3,11,3,3,1,14,3,14,3,15,1,1,8,1,8,9,9,8,10,1,9,7,3,3,1,8,11,3,16,14,1,1,3,1,1,8,7,3,11,3,3,8,1,3,1,8,17,7,11,3,2,
Nov,23,8,1,1,8,15,8,11,14,1,1,3,9,3,1,3,8,11,8,3,17,16,3,8,8,3,11,10,7,3,10,1,1,1,9,11,10,16,1,1,7,8,3,3,1,15,1,17,11,3,7,9,3,1,1,1,3,8,9,1,8,16,3,3,8,1,15,1,3,3,
Nov,24,15,10,1,8,16,17,17,17,1,3,9,9,7,9,3,8,11,9,3,17,1,7,3,1,3,8,8,7,14,3,1,3,8,3,11,1,17,9,9,3,1,10,3,3,11,1,11,17,3,9,1,10,1,7,17,3,1,2,2,8,7,3,7,8,1,7,17,3,3,
Nov,25,14,8,8,3,17,17,1,16,17,1,9,3,9,3,3,9,17,2,3,17,1,7,16,1,1,9,8,10,15,3,3,7,3,3,17,9,8,14,1,1,7,7,15,3,17,17,8,9,3,17,1,8,3,15,8,1,15,7,3,9,7,1,7,9,1,9,16,3,3,
Nov,26,14,9,8,14,8,8,1,7,10,1,1,1,3,3,3,8,8,11,3,9,16,3,16,8,10,3,8,8,16,7,1,1,3,1,17,1,3,10,9,9,7,16,1,1,9,15,15,1,1,1,7,8,3,1,8,9,11,3,3,3,1,3,7,1,8,7,11,1,1,
Nov,27,17,10,8,8,8,9,1,15,17,3,9,1,17,8,3,8,8,9,3,9,16,7,16,10,8,3,7,8,14,7,7,1,1,7,9,1,3,7,9,9,10,10,8,15,9,8,17,1,7,3,8,9,7,7,3,9,8,3,3,8,10,3,10,1,1,15,8,7,1,
Nov,28,8,7,3,16,8,17,1,14,1,17,1,8,8,1,3,1,3,3,7,9,15,10,15,10,8,7,1,9,17,1,7,14,7,1,9,7,3,7,12,9,9,2,3,16,1,9,10,3,10,3,7,9,16,9,3,1,9,7,3,10,17,8,3,1,3,1,9,7,7,
Nov,29,9,7,1,14,1,9,1,14,3,17,1,11,1,8,3,1,3,8,15,8,8,17,17,7,8,1,10,3,8,1,7,14,7,15,3,7,8,7,1,2,7,14,7,17,1,9,1,3,3,2,16,9,16,1,2,3,9,1,1,9,17,9,3,9,7,17,8,10,7,
Nov,30,9,7,17,8,1,9,1,1,7,16,8,9,15,8,3,15,3,8,8,3,10,8,8,7,8,8,10,17,1,8,1,11,7,7,1,7,1,17,17,2,10,11,7,17,9,3,17,3,7,17,10,9,13,16,1,3,9,8,1,3,7,8,3,1,7,9,1,17,16,
Dec,1,9,7,8,9,1,9,1,3,9,16,8,8,1,3,3,14,7,1,10,2,7,8,8,8,9,15,8,8,1,3,11,10,3,7,1,15,1,8,17,2,7,8,7,17,16,1,16,3,7,7,1,9,1,16,3,3,9,10,9,15,8,3,3,1,7,3,10,8,14,
Dec,2,15,1,9,14,1,1,9,3,3,16,3,3,3,3,7,15,7,7,8,10,2,7,8,1,3,8,1,9,8,7,17,3,7,17,1,7,1,11,1,1,7,1,15,14,11,1,11,3,7,7,1,8,3,16,7,1,9,7,9,8,3,3,3,1,7,7,8,15,11,
Dec,3,9,17,17,8,3,9,9,9,3,3,14,3,3,3,7,11,7,1,10,11,14,8,1,1,1,8,1,3,7,14,17,2,7,9,1,3,8,1,9,3,3,9,16,11,8,1,11,9,2,8,1,3,3,16,9,1,9,3,2,9,3,1,3,3,3,1,3,8,17,
Dec,4,2,17,17,10,7,9,13,8,8,15,17,1,1,3,1,11,7,8,8,15,14,14,8,8,8,3,17,3,7,14,9,3,1,7,17,1,1,3,9,17,1,1,10,17,17,9,11,3,16,10,3,9,3,14,7,17,3,1,1,9,3,9,7,8,15,1,3,3,3,
Dec,5,1,16,8,15,3,9,11,8,8,16,7,7,1,3,17,8,7,7,3,16,14,8,15,8,8,10,14,1,2,11,7,13,16,7,11,3,3,8,8,11,7,17,16,9,9,9,17,1,14,10,3,3,3,17,7,1,3,1,1,1,3,16,15,3,15,14,1,9,1,
Dec,6,1,1,8,1,7,1,14,14,9,14,3,7,3,1,8,7,1,8,1,16,17,1,8,14,9,8,15,1,3,8,16,11,10,10,17,9,1,8,8,8,17,8,8,7,7,3,9,9,1,7,7,1,1,16,15,9,1,1,1,15,3,1,17,1,8,9,3,9,3,
Dec,7,3,8,8,1,7,9,16,11,11,14,16,7,9,15,16,1,1,8,7,10,14,7,15,11,3,15,7,1,1,9,3,8,8,8,9,8,3,3,3,10,7,17,7,16,1,1,10,3,1,7,15,3,1,16,10,7,1,3,9,17,7,17,1,3,16,7,3,9,8,
Dec,8,3,8,9,8,7,9,7,10,11,14,15,8,7,16,16,14,16,8,10,10,17,7,1,14,1,17,8,16,1,1,10,1,8,3,17,1,1,3,16,15,3,8,1,16,1,9,17,9,1,14,1,2,1,16,3,7,1,3,1,9,15,1,3,8,10,11,7,8,9,
Dec,9,9,9,3,8,1,9,7,1,17,17,17,9,3,3,15,14,14,1,10,3,10,1,17,7,1,9,8,14,10,8,8,3,10,7,9,3,1,2,17,7,7,8,8,14,3,8,9,17,8,14,1,1,1,1,14,1,1,3,2,9,8,9,3,1,1,9,16,17,9,
Dec,10,1,1,3,15,17,9,9,14,8,8,8,1,7,16,16,11,14,8,10,7,16,7,11,16,9,8,14,11,8,3,9,1,14,1,3,16,17,3,1,7,7,1,1,14,3,3,1,1,9,17,17,8,8,1,17,9,3,3,1,10,9,1,1,9,16,15,7,1,9,
Dec,11,16,8,3,1,8,3,1,1,1,8,8,9,7,15,10,9,16,1,15,8,8,7,11,7,9,8,13,1,1,2,17,9,11,3,3,8,3,1,1,16,10,17,3,13,1,1,9,17,3,3,9,8,8,8,1,9,1,3,1,8,9,16,14,9,17,11,2,1,9,
Dec,12,14,8,1,1,1,1,1,8,9,3,1,9,9,14,7,1,1,16,10,8,8,10,17,15,9,1,17,3,7,12,17,10,15,9,1,8,16,9,9,14,8,17,9,11,1,9,17,15,1,3,1,9,16,16,8,3,9,1,14,7,3,14,14,3,1,12,16,16,1,
Dec,13,1,8,3,14,9,3,2,8,3,3,14,8,7,14,8,7,17,14,10,7,16,8,17,17,9,1,16,3,15,13,10,16,17,9,16,8,14,3,17,8,1,15,16,17,15,17,10,9,17,1,1,17,17,1,9,3,3,3,1,1,1,15,16,1,8,12,17,1,8,
Dec,14,9,8,2,14,17,17,7,14,3,10,8,3,8,11,7,7,1,14,10,15,14,8,8,11,3,7,8,3,1,14,10,11,11,10,1,1,8,1,17,1,17,8,1,1,14,8,3,9,10,8,3,16,17,15,9,7,8,9,8,17,9,10,7,3,8,17,1,8,11,
Dec,15,7,11,2,14,8,1,2,14,9,7,10,3,1,16,7,8,8,15,1,7,14,10,3,11,3,1,7,1,9,11,16,17,3,7,1,16,9,1,3,7,10,1,15,3,14,9,10,1,1,16,15,8,10,8,1,16,1,16,9,7,8,7,7,9,8,9,9,1,11,
Dec,16,16,17,3,11,3,1,7,8,3,7,7,7,1,1,14,8,1,14,14,7,16,16,1,11,1,14,1,9,9,15,8,16,3,14,3,17,3,8,3,9,1,1,10,9,16,3,16,3,15,15,16,3,3,9,3,16,1,16,9,1,9,16,3,10,8,9,8,3,17,
Dec,17,14,16,1,15,3,1,3,14,3,7,9,1,1,10,16,7,9,8,14,14,8,16,16,15,9,11,16,17,9,7,3,7,1,16,1,9,9,18,3,1,16,3,15,9,9,3,11,1,9,1,15,9,3,1,1,16,9,16,9,9,8,14,16,3,1,3,3,13,9,
Dec,18,10,16,1,14,1,11,15,10,3,15,8,3,8,7,18,7,1,9,14,17,3,8,8,17,1,10,15,9,1,9,3,1,1,10,9,9,9,11,9,17,14,3,1,1,1,8,15,9,3,8,16,3,3,1,17,14,18,7,3,8,9,10,8,7,7,3,9,15,1,
Dec,19,9,16,10,11,1,17,9,8,1,15,8,16,10,9,14,7,8,1,14,8,3,7,17,8,1,9,10,3,1,9,3,17,18,9,7,1,9,11,14,17,1,8,9,1,9,9,11,9,9,17,16,3,17,17,16,11,1,15,3,8,3,15,1,18,1,1,17,16,3,
Dec,20,9,16,8,17,3,17,1,3,13,17,7,8,3,10,14,7,10,8,14,8,3,16,9,15,17,3,15,1,1,15,3,9,7,7,7,3,3,17,16,16,9,1,1,1,9,1,17,3,9,9,8,3,14,1,14,9,16,1,9,17,3,7,3,3,14,9,8,1,1,
Dec,21,1,1,7,11,1,1,10,2,17,1,1,1,1,15,16,7,14,7,16,16,9,16,3,8,17,1,11,15,9,15,1,9,9,15,1,3,3,16,14,16,3,1,17,9,1,1,9,3,9,3,7,3,11,9,11,9,17,1,15,1,15,15,9,1,14,9,8,9,17,
Dec,22,17,17,2,17,16,9,1,3,9,1,8,8,3,11,16,8,7,1,7,14,9,16,1,16,1,3,1,17,1,17,1,9,9,3,17,3,3,16,8,14,1,1,8,16,17,1,9,1,8,3,7,3,3,1,1,3,1,1,17,9,16,8,3,9,7,9,11,9,16,
Dec,23,17,14,2,17,16,7,7,1,3,1,1,1,1,8,10,8,8,16,9,8,14,14,7,8,9,3,1,1,3,17,3,3,7,9,3,7,1,15,7,14,1,17,1,7,15,1,9,3,15,15,16,3,16,1,1,17,1,17,9,9,14,9,8,16,7,9,8,9,1,
Dec,24,17,15,17,3,16,14,1,18,7,8,3,1,1,9,8,8,8,8,1,9,14,1,10,10,9,9,9,9,3,9,16,1,1,16,9,3,8,16,7,15,3,1,11,16,11,7,9,1,8,1,16,1,14,9,17,7,14,14,3,9,14,8,8,14,1,9,9,3,16,
Dec,25,3,16,7,9,16,8,3,14,1,9,3,3,1,10,1,9,9,16,14,10,16,16,3,11,9,3,1,7,15,1,17,14,1,10,3,3,9,1,16,17,11,3,9,15,8,3,3,17,7,1,15,17,1,7,17,7,17,11,3,9,1,8,7,11,1,9,3,8,17,
Dec,26,15,14,15,3,14,9,15,14,1,9,15,1,3,10,1,9,3,14,8,17,14,8,1,17,9,9,9,16,15,16,8,11,2,7,3,1,9,17,16,1,11,9,9,16,1,3,3,1,14,1,1,8,3,15,17,16,9,1,11,9,9,10,7,1,9,3,3,8,16,
Dec,27,9,14,10,9,14,3,11,18,10,1,8,1,3,8,3,8,7,11,1,10,14,8,3,11,3,9,17,14,16,7,10,11,14,1,10,10,17,10,14,1,8,7,9,14,3,7,16,8,16,3,1,10,3,7,3,15,9,9,11,9,9,7,3,9,1,2,16,9,17,
Dec,28,9,14,16,3,1,1,14,15,1,3,8,1,16,8,8,8,7,8,9,7,7,3,3,17,1,9,16,16,14,1,8,17,8,8,1,8,9,17,16,1,1,8,2,16,18,3,16,3,16,17,2,7,3,7,1,1,9,9,17,3,1,7,2,9,3,16,15,9,16,
Dec,29,9,11,14,1,3,1,14,1,1,3,1,7,8,7,1,11,15,8,9,7,7,1,3,15,3,8,14,17,1,8,1,1,1,8,17,8,9,9,14,1,3,3,1,16,3,1,1,7,8,7,15,7,16,10,3,9,7,9,1,9,8,17,2,1,1,16,10,3,7,
Dec,30,9,17,14,7,8,2,11,14,1,7,8,7,1,1,9,11,8,3,1,10,1,15,3,17,9,1,3,17,1,8,1,16,1,9,16,1,3,3,15,9,3,9,9,16,1,3,15,7,3,15,14,3,16,3,16,2,3,9,17,9,17,14,3,16,17,16,7,14,16,
Dec,31,9,1,10,7,3,16,10,8,9,7,9,16,7,17,1,11,8,7,3,8,8,11,3,17,9,1,9,1,8,7,1,10,3,15,17,3,2,3,17,3,3,11,9,14,3,3,10,1,3,9,8,3,7,1,17,3,3,3,17,3,11,8,17,16,2,17,7,17,10,
